"datum","vhodi","izhodi"
"2023-06-07 14:00","26","21"
"2023-06-07 14:30","0","0"
"2023-06-07 15:00","0","0"
"2023-06-07 15:30","0","0"
"2023-06-07 16:00","0","0"
"2023-06-07 16:30","0","0"
"2023-06-07 17:00","0","0"
"2023-06-07 17:30","0","0"
"2023-06-07 18:00","0","0"
"2023-06-07 18:30","0","0"
"2023-06-07 19:00","0","0"
"2023-06-07 19:30","0","0"
"2023-06-07 20:00","0","0"
"2023-06-07 20:30","0","0"
"2023-06-07 21:00","0","0"
"2023-06-07 21:30","0","0"
"2023-06-07 22:00","0","0"
"2023-06-07 22:30","0","0"
"2023-06-07 23:00","0","0"
"2023-06-08 01:00","0","0"
"2023-06-08 01:30","0","0"
"2023-06-08 02:00","0","0"
"2023-06-08 02:30","0","0"
"2023-06-08 03:00","0","0"
"2023-06-08 03:30","0","0"
"2023-06-08 04:00","0","0"
"2023-06-08 04:30","0","0"
"2023-06-08 05:00","0","0"
"2023-06-08 05:30","0","0"
"2023-06-08 06:00","0","0"
"2023-06-08 06:30","0","0"
"2023-06-08 07:00","0","0"
"2023-06-08 07:30","0","0"
"2023-06-08 08:00","0","0"
"2023-06-08 08:30","0","0"
"2023-06-08 09:00","0","0"
"2023-06-08 09:30","0","0"
"2023-06-08 10:00","0","0"
"2023-06-08 10:30","0","0"
"2023-06-08 11:00","0","0"
"2023-06-08 11:30","0","0"
"2023-06-08 12:00","0","0"
"2023-06-08 12:30","1","0"
"2023-06-08 13:00","0","0"
"2023-06-08 13:30","0","1"
"2023-06-08 15:00","0","0"
"2023-06-08 15:30","0","0"
"2023-06-08 16:00","0","0"
"2023-06-08 16:30","0","0"
"2023-06-08 17:00","0","0"
"2023-06-08 17:30","0","0"
"2023-06-08 18:00","0","0"
"2023-06-08 18:30","0","0"
"2023-06-08 19:00","0","0"
"2023-06-08 19:30","0","0"
"2023-06-08 20:00","0","0"
"2023-06-08 20:30","0","0"
"2023-06-08 21:00","0","0"
"2023-06-08 21:30","0","0"
"2023-06-08 22:00","0","0"
"2023-06-08 22:30","0","0"
"2023-06-12 12:00","0","0"
"2023-06-12 12:30","0","0"
"2023-06-12 13:00","0","0"
"2023-06-12 13:30","0","0"
"2023-06-12 14:00","0","0"
"2023-06-12 14:30","0","0"
"2023-06-12 15:00","0","0"
"2023-06-12 15:30","0","0"
"2023-06-12 16:00","0","0"
"2023-06-12 16:30","0","0"
"2023-06-12 17:00","0","0"
"2023-06-12 17:30","0","0"
"2023-06-12 18:00","0","0"
"2023-06-12 18:30","0","0"
"2023-06-12 19:00","0","0"
"2023-06-12 19:30","0","0"
"2023-06-12 20:00","0","0"
"2023-06-12 20:30","0","0"
"2023-06-12 21:00","0","0"
"2023-06-12 21:30","0","0"
"2023-06-12 22:00","0","0"
"2023-06-12 22:30","0","0"
"2023-06-12 23:00","0","0"
"2023-06-13 00:00","0","0"
"2023-06-13 00:30","0","0"
"2023-06-13 01:00","0","0"
"2023-06-13 01:30","0","0"
"2023-06-13 02:00","0","0"
"2023-06-13 02:30","0","0"
"2023-06-13 03:00","0","0"
"2023-06-13 03:30","0","0"
"2023-06-13 04:00","0","0"
"2023-06-13 04:30","0","0"
"2023-06-13 05:00","0","0"
"2023-06-13 05:30","1","0"
"2023-06-13 06:00","0","0"
"2023-06-13 06:30","2","0"
"2023-06-13 07:00","0","0"
"2023-06-13 07:30","0","0"
"2023-06-13 08:00","0","0"
"2023-06-13 08:30","2","0"
"2023-06-13 09:00","0","0"
"2023-06-13 09:30","0","0"
"2023-06-13 10:00","2","0"
"2023-06-13 10:30","0","0"
"2023-06-13 11:00","0","0"
"2023-06-13 11:30","0","0"
"2023-06-13 12:00","0","0"
"2023-06-13 12:30","0","0"
"2023-06-13 13:00","0","0"
"2023-06-13 13:30","0","0"
"2023-06-13 14:00","0","0"
"2023-06-13 14:30","0","0"
"2023-06-13 15:00","1","0"
"2023-06-13 15:30","0","0"
"2023-06-13 16:00","0","0"
"2023-06-13 16:30","0","0"
"2023-06-13 17:00","0","3"
"2023-06-13 17:30","0","0"
"2023-06-13 18:00","0","0"
"2023-06-13 18:30","0","0"
"2023-06-13 19:00","0","0"
"2023-06-13 19:30","0","0"
"2023-06-13 20:00","0","0"
"2023-06-13 20:30","0","0"
"2023-06-13 21:00","0","0"
"2023-06-13 21:30","0","0"
"2023-06-13 22:00","0","0"
"2023-06-13 22:30","0","0"
"2023-06-13 23:00","0","0"
"2023-06-13 23:30","0","0"
"2023-06-14 00:00","0","0"
"2023-06-14 00:30","0","0"
"2023-06-14 01:00","0","0"
"2023-06-14 01:30","0","0"
"2023-06-14 02:00","0","0"
"2023-06-14 02:30","0","0"
"2023-06-14 03:00","0","0"
"2023-06-14 03:30","0","0"
"2023-06-14 04:00","0","0"
"2023-06-14 04:30","0","0"
"2023-06-14 05:00","0","0"
"2023-06-14 05:30","0","0"
"2023-06-14 06:00","0","0"
"2023-06-14 06:30","0","0"
"2023-06-14 07:00","3","0"
"2023-06-14 07:30","4","0"
"2023-06-14 08:00","2","0"
"2023-06-14 08:30","2","0"
"2023-06-14 09:00","0","0"
"2023-06-14 09:30","0","0"
"2023-06-14 10:00","0","0"
"2023-06-14 10:30","0","0"
"2023-06-14 11:00","0","0"
"2023-06-14 11:30","0","0"
"2023-06-14 12:00","0","0"
"2023-06-14 12:30","0","0"
"2023-06-14 13:00","0","0"
"2023-06-14 13:30","0","0"
"2023-06-14 14:00","0","0"
"2023-06-14 14:30","0","0"
"2023-06-14 15:00","0","0"
"2023-06-14 15:30","0","0"
"2023-06-14 16:00","0","0"
"2023-06-14 16:30","0","0"
"2023-06-14 17:00","0","0"
"2023-06-14 17:30","0","0"
"2023-06-14 18:00","0","0"
"2023-06-14 18:30","0","0"
"2023-06-14 19:00","0","0"
"2023-06-14 20:00","0","0"
"2023-06-14 20:30","0","0"
"2023-06-14 21:00","0","0"
"2023-06-14 21:30","0","0"
"2023-06-14 22:00","0","0"
"2023-06-14 22:30","0","0"
"2023-06-14 23:00","0","0"
"2023-06-14 23:30","0","0"
"2023-06-15 00:00","0","0"
"2023-06-15 00:30","0","0"
"2023-06-15 01:00","0","0"
"2023-06-15 01:30","0","0"
"2023-06-15 02:00","0","0"
"2023-06-15 02:30","0","0"
"2023-06-15 03:00","0","0"
"2023-06-15 03:30","1","0"
"2023-06-15 04:00","0","0"
"2023-06-15 05:00","0","0"
"2023-06-15 05:30","0","0"
"2023-06-15 06:00","0","0"
"2023-06-15 06:30","0","0"
"2023-06-15 07:00","0","0"
"2023-06-15 07:30","0","0"
"2023-06-15 08:00","1","0"
"2023-06-15 08:30","0","0"
"2023-06-15 09:00","0","0"
"2023-06-15 09:30","0","0"
"2023-06-15 10:00","0","0"
"2023-06-15 10:30","0","0"
"2023-06-15 11:00","0","0"
"2023-06-15 11:30","0","0"
"2023-06-15 12:00","0","0"
"2023-06-15 12:30","0","0"
"2023-06-15 13:00","0","0"
"2023-06-15 13:30","0","0"
"2023-06-15 14:00","0","0"
"2023-06-15 14:30","0","0"
"2023-06-15 15:00","0","0"
"2023-06-15 15:30","0","0"
"2023-06-15 16:00","0","0"
"2023-06-15 16:30","0","0"
"2023-06-15 17:00","0","0"
"2023-06-15 17:30","0","0"
"2023-06-15 18:00","0","0"
"2023-06-15 18:30","0","0"
"2023-06-15 19:00","0","0"
"2023-06-15 19:30","0","0"
"2023-06-15 20:00","0","0"
"2023-06-15 20:30","0","0"
"2023-06-15 21:00","0","0"
"2023-06-15 21:30","0","0"
"2023-06-15 22:00","0","0"
"2023-06-15 22:30","0","0"
"2023-06-15 23:00","0","0"
"2023-06-15 23:30","0","0"
"2023-06-16 00:00","0","0"
"2023-06-16 00:30","0","0"
"2023-06-16 01:00","0","0"
"2023-06-16 01:30","0","0"
"2023-06-16 02:00","0","0"
"2023-06-16 02:30","0","0"
"2023-06-16 03:00","0","0"
"2023-06-16 03:30","0","0"
"2023-06-16 04:00","1","0"
"2023-06-16 04:30","1","0"
"2023-06-16 05:00","0","0"
"2023-06-16 05:30","0","0"
"2023-06-16 06:00","0","0"
"2023-06-16 06:30","0","0"
"2023-06-16 07:00","0","0"
"2023-06-16 07:30","4","0"
"2023-06-16 08:00","0","0"
"2023-06-16 08:30","0","0"
"2023-06-16 09:00","0","0"
"2023-06-16 09:30","0","0"
"2023-06-16 10:00","0","0"
"2023-06-16 10:30","0","0"
"2023-06-16 11:00","1","0"
"2023-06-16 11:30","0","0"
"2023-06-16 12:00","0","0"
"2023-06-16 12:30","0","0"
"2023-06-16 13:00","0","0"
"2023-06-16 13:30","0","0"
"2023-06-16 14:00","0","0"
"2023-06-16 14:30","0","0"
"2023-06-16 15:00","0","0"
"2023-06-16 15:30","0","0"
"2023-06-16 16:00","0","0"
"2023-06-16 17:00","0","0"
"2023-06-16 17:30","0","0"
"2023-06-16 18:00","0","0"
"2023-06-16 18:30","0","0"
"2023-06-16 19:00","0","0"
"2023-06-16 19:30","0","0"
"2023-06-16 20:00","0","0"
"2023-06-16 20:30","0","0"
"2023-06-16 21:00","0","0"
"2023-06-16 21:30","0","0"
"2023-06-16 22:00","0","0"
"2023-06-16 22:30","0","0"
"2023-06-16 23:00","0","0"
"2023-06-16 23:30","0","0"
"2023-06-17 00:00","0","0"
"2023-06-17 00:30","0","0"
"2023-06-17 01:00","0","0"
"2023-06-17 01:30","0","0"
"2023-06-17 02:00","0","0"
"2023-06-17 02:30","0","0"
"2023-06-17 03:00","0","0"
"2023-06-17 03:30","0","0"
"2023-06-17 04:00","0","0"
"2023-06-17 04:30","1","0"
"2023-06-17 05:00","1","0"
"2023-06-17 05:30","1","0"
"2023-06-17 06:00","6","0"
"2023-06-17 06:30","7","0"
"2023-06-17 07:00","11","0"
"2023-06-17 07:30","12","1"
"2023-06-17 08:00","5","0"
"2023-06-17 08:30","9","0"
"2023-06-17 09:00","8","0"
"2023-06-17 09:30","3","0"
"2023-06-17 10:00","8","0"
"2023-06-17 10:30","3","1"
"2023-06-17 11:00","1","0"
"2023-06-17 11:30","0","0"
"2023-06-17 12:00","3","0"
"2023-06-17 12:30","0","0"
"2023-06-17 13:00","0","0"
"2023-06-17 13:30","0","0"
"2023-06-17 14:00","0","0"
"2023-06-17 14:30","0","0"
"2023-06-17 15:00","0","0"
"2023-06-17 15:30","0","0"
"2023-06-17 16:00","0","0"
"2023-06-17 16:30","0","0"
"2023-06-17 17:00","0","0"
"2023-06-17 17:30","0","0"
"2023-06-17 18:00","0","0"
"2023-06-17 18:30","0","0"
"2023-06-17 19:00","0","0"
"2023-06-17 19:30","0","0"
"2023-06-17 20:00","0","0"
"2023-06-17 20:30","0","0"
"2023-06-17 21:00","0","0"
"2023-06-17 21:30","0","0"
"2023-06-17 22:00","0","0"
"2023-06-17 22:30","0","0"
"2023-06-17 23:00","0","0"
"2023-06-17 23:30","0","0"
"2023-06-18 00:00","0","0"
"2023-06-18 00:30","0","0"
"2023-06-18 01:30","0","0"
"2023-06-18 02:00","0","0"
"2023-06-18 02:30","0","0"
"2023-06-18 03:00","0","0"
"2023-06-18 03:30","0","0"
"2023-06-18 04:00","0","0"
"2023-06-18 04:30","0","0"
"2023-06-18 05:00","0","0"
"2023-06-18 05:30","0","0"
"2023-06-18 06:00","4","0"
"2023-06-18 06:30","4","0"
"2023-06-18 07:00","5","0"
"2023-06-18 07:30","21","0"
"2023-06-18 08:00","16","0"
"2023-06-18 08:30","8","3"
"2023-06-18 09:00","13","0"
"2023-06-18 09:30","5","1"
"2023-06-18 10:00","6","0"
"2023-06-18 10:30","1","0"
"2023-06-18 11:00","0","0"
"2023-06-18 11:30","3","0"
"2023-06-18 12:00","0","1"
"2023-06-18 12:30","2","0"
"2023-06-18 13:00","0","0"
"2023-06-18 13:30","2","3"
"2023-06-18 14:00","0","0"
"2023-06-18 14:30","0","0"
"2023-06-18 15:00","0","0"
"2023-06-18 15:30","0","0"
"2023-06-18 16:00","0","0"
"2023-06-18 16:30","0","0"
"2023-06-18 17:00","0","0"
"2023-06-18 17:30","0","0"
"2023-06-18 18:00","0","0"
"2023-06-18 18:30","0","0"
"2023-06-18 19:30","0","0"
"2023-06-18 20:00","0","0"
"2023-06-18 20:30","0","0"
"2023-06-18 21:00","0","0"
"2023-06-18 21:30","0","0"
"2023-06-18 22:00","0","0"
"2023-06-18 22:30","0","0"
"2023-06-18 23:00","0","0"
"2023-06-18 23:30","0","0"
"2023-06-19 00:00","0","0"
"2023-06-19 00:30","0","0"
"2023-06-19 01:00","0","0"
"2023-06-19 01:30","0","0"
"2023-06-19 02:00","0","0"
"2023-06-19 02:30","0","0"
"2023-06-19 03:00","0","0"
"2023-06-19 03:30","0","0"
"2023-06-19 04:00","0","0"
"2023-06-19 04:30","0","0"
"2023-06-19 05:00","0","0"
"2023-06-19 05:30","0","0"
"2023-06-19 06:00","0","0"
"2023-06-19 06:30","0","0"
"2023-06-19 07:00","0","0"
"2023-06-19 07:30","0","0"
"2023-06-19 08:00","0","0"
"2023-06-19 08:30","0","0"
"2023-06-19 09:00","1","0"
"2023-06-19 09:30","0","0"
"2023-06-19 10:00","2","0"
"2023-06-19 10:30","2","0"
"2023-06-19 11:00","0","0"
"2023-06-19 11:30","0","0"
"2023-06-19 12:30","0","0"
"2023-06-19 13:00","0","0"
"2023-06-19 13:30","0","0"
"2023-06-19 14:00","0","0"
"2023-06-19 14:30","0","0"
"2023-06-19 15:00","0","0"
"2023-06-19 15:30","0","0"
"2023-06-19 16:00","0","0"
"2023-06-19 16:30","0","0"
"2023-06-19 17:00","0","0"
"2023-06-19 17:30","0","0"
"2023-06-19 18:00","0","0"
"2023-06-19 18:30","0","0"
"2023-06-19 19:00","0","0"
"2023-06-19 19:30","0","0"
"2023-06-19 20:00","0","0"
"2023-06-19 20:30","0","0"
"2023-06-19 21:00","0","0"
"2023-06-19 21:30","0","0"
"2023-06-19 22:00","0","0"
"2023-06-19 22:30","0","0"
"2023-06-19 23:00","0","0"
"2023-06-19 23:30","0","0"
"2023-06-20 00:00","0","0"
"2023-06-20 00:30","0","0"
"2023-06-20 01:00","0","0"
"2023-06-20 01:30","0","0"
"2023-06-20 02:00","0","0"
"2023-06-20 02:30","0","0"
"2023-06-20 03:00","0","0"
"2023-06-20 03:30","0","0"
"2023-06-20 04:00","0","0"
"2023-06-20 04:30","0","0"
"2023-06-20 05:00","0","0"
"2023-06-20 05:30","0","0"
"2023-06-20 06:00","0","0"
"2023-06-20 06:30","3","0"
"2023-06-20 07:00","0","0"
"2023-06-20 07:30","3","0"
"2023-06-20 08:00","0","0"
"2023-06-20 08:30","1","0"
"2023-06-20 09:00","0","0"
"2023-06-20 09:30","0","0"
"2023-06-20 10:00","0","0"
"2023-06-20 10:30","0","0"
"2023-06-20 11:00","0","0"
"2023-06-20 11:30","0","0"
"2023-06-20 12:00","0","0"
"2023-06-20 12:30","0","0"
"2023-06-20 13:00","0","0"
"2023-06-20 13:30","0","0"
"2023-06-20 14:00","0","0"
"2023-06-20 15:00","0","0"
"2023-06-20 15:30","0","0"
"2023-06-20 16:00","3","0"
"2023-06-20 16:30","0","0"
"2023-06-20 17:00","0","0"
"2023-06-20 18:00","0","0"
"2023-06-20 18:30","0","0"
"2023-06-20 19:00","0","0"
"2023-06-20 19:30","0","0"
"2023-06-20 20:00","0","0"
"2023-06-20 20:30","0","0"
"2023-06-20 21:00","0","0"
"2023-06-20 21:30","0","0"
"2023-06-20 22:00","0","0"
"2023-06-20 22:30","0","0"
"2023-06-20 23:00","0","0"
"2023-06-20 23:30","0","0"
"2023-06-21 00:00","0","0"
"2023-06-21 00:30","0","0"
"2023-06-21 01:00","0","0"
"2023-06-21 01:30","0","0"
"2023-06-21 02:00","0","0"
"2023-06-21 02:30","0","0"
"2023-06-21 03:00","0","0"
"2023-06-21 03:30","0","0"
"2023-06-21 04:00","0","0"
"2023-06-21 04:30","0","0"
"2023-06-21 05:00","4","0"
"2023-06-21 05:30","1","0"
"2023-06-21 06:00","0","0"
"2023-06-21 06:30","1","0"
"2023-06-21 07:00","1","0"
"2023-06-21 07:30","0","0"
"2023-06-21 08:00","2","0"
"2023-06-21 08:30","0","0"
"2023-06-21 09:00","0","0"
"2023-06-21 09:30","0","0"
"2023-06-21 10:00","0","0"
"2023-06-21 10:30","1","0"
"2023-06-21 11:00","0","0"
"2023-06-21 11:30","0","0"
"2023-06-21 12:00","0","0"
"2023-06-21 12:30","0","0"
"2023-06-21 13:00","0","0"
"2023-06-21 13:30","0","0"
"2023-06-21 14:00","0","0"
"2023-06-21 14:30","2","0"
"2023-06-21 15:00","0","0"
"2023-06-21 15:30","0","0"
"2023-06-21 16:00","3","0"
"2023-06-21 16:30","0","0"
"2023-06-21 17:00","0","0"
"2023-06-21 17:30","0","0"
"2023-06-21 18:00","0","0"
"2023-06-21 19:00","0","0"
"2023-06-21 19:30","0","0"
"2023-06-21 20:00","0","0"
"2023-06-21 21:00","0","0"
"2023-06-21 21:30","0","0"
"2023-06-21 22:00","0","0"
"2023-06-21 22:30","0","0"
"2023-06-21 23:00","0","0"
"2023-06-21 23:30","0","0"
"2023-06-22 00:00","0","0"
"2023-06-22 00:30","0","0"
"2023-06-22 01:00","0","0"
"2023-06-22 01:30","0","0"
"2023-06-22 02:00","0","0"
"2023-06-22 02:30","0","0"
"2023-06-22 03:00","0","0"
"2023-06-22 03:30","0","0"
"2023-06-22 04:00","0","0"
"2023-06-22 04:30","0","0"
"2023-06-22 05:00","0","0"
"2023-06-22 05:30","0","0"
"2023-06-22 06:00","0","0"
"2023-06-22 06:30","4","0"
"2023-06-22 07:00","1","0"
"2023-06-22 07:30","0","0"
"2023-06-22 08:00","2","0"
"2023-06-22 08:30","0","0"
"2023-06-22 09:00","0","0"
"2023-06-22 09:30","2","0"
"2023-06-22 10:00","4","1"
"2023-06-22 10:30","1","0"
"2023-06-22 11:00","0","0"
"2023-06-22 11:30","0","0"
"2023-06-22 12:00","0","0"
"2023-06-22 12:30","3","0"
"2023-06-22 13:00","0","0"
"2023-06-22 13:30","0","0"
"2023-06-22 14:00","0","0"
"2023-06-22 14:30","0","0"
"2023-06-22 15:00","0","0"
"2023-06-22 15:30","0","0"
"2023-06-22 16:00","0","0"
"2023-06-22 16:30","2","0"
"2023-06-22 17:00","0","0"
"2023-06-22 17:30","0","0"
"2023-06-22 18:00","0","0"
"2023-06-22 18:30","0","0"
"2023-06-22 19:30","0","0"
"2023-06-22 20:00","0","0"
"2023-06-22 20:30","0","0"
"2023-06-22 21:00","0","0"
"2023-06-22 21:30","0","0"
"2023-06-22 22:00","0","0"
"2023-06-22 22:30","0","0"
"2023-06-22 23:00","0","0"
"2023-06-22 23:30","0","0"
"2023-06-23 00:00","0","0"
"2023-06-23 01:00","0","0"
"2023-06-23 01:30","0","0"
"2023-06-23 02:00","0","0"
"2023-06-23 02:30","0","0"
"2023-06-23 03:00","0","0"
"2023-06-23 03:30","1","0"
"2023-06-23 04:00","0","0"
"2023-06-23 04:30","0","0"
"2023-06-23 05:00","0","0"
"2023-06-23 05:30","2","0"
"2023-06-23 06:00","0","0"
"2023-06-23 06:30","1","0"
"2023-06-23 07:00","0","0"
"2023-06-23 07:30","0","0"
"2023-06-23 08:00","0","0"
"2023-06-23 08:30","0","0"
"2023-06-23 09:00","0","0"
"2023-06-23 09:30","0","0"
"2023-06-23 10:00","0","0"
"2023-06-23 10:30","0","0"
"2023-06-23 11:00","0","0"
"2023-06-23 11:30","0","0"
"2023-06-23 12:00","0","0"
"2023-06-23 12:30","0","0"
"2023-06-23 13:00","0","1"
"2023-06-23 13:30","0","0"
"2023-06-23 14:00","0","0"
"2023-06-23 14:30","0","0"
"2023-06-23 15:00","0","0"
"2023-06-23 15:30","0","0"
"2023-06-23 16:00","0","0"
"2023-06-23 16:30","0","0"
"2023-06-23 17:00","0","0"
"2023-06-23 17:30","0","0"
"2023-06-23 18:00","0","0"
"2023-06-23 18:30","0","0"
"2023-06-23 19:00","0","0"
"2023-06-23 19:30","0","0"
"2023-06-23 20:00","0","0"
"2023-06-23 20:30","0","0"
"2023-06-23 21:00","0","0"
"2023-06-23 21:30","0","0"
"2023-06-23 22:00","0","0"
"2023-06-23 22:30","0","0"
"2023-06-23 23:00","0","0"
"2023-06-23 23:30","0","0"
"2023-06-24 00:00","0","0"
"2023-06-24 00:30","0","0"
"2023-06-24 01:00","0","0"
"2023-06-24 01:30","0","0"
"2023-06-24 02:00","0","0"
"2023-06-24 02:30","0","0"
"2023-06-24 03:00","0","0"
"2023-06-24 03:30","2","0"
"2023-06-24 04:00","0","0"
"2023-06-24 04:30","0","0"
"2023-06-24 05:00","0","0"
"2023-06-24 05:30","5","0"
"2023-06-24 06:00","3","0"
"2023-06-24 06:30","3","0"
"2023-06-24 07:00","8","1"
"2023-06-24 07:30","3","0"
"2023-06-24 08:00","3","0"
"2023-06-24 08:30","10","0"
"2023-06-24 09:00","0","0"
"2023-06-24 09:30","2","0"
"2023-06-24 10:00","0","0"
"2023-06-24 10:30","1","0"
"2023-06-24 11:00","5","1"
"2023-06-24 11:30","0","0"
"2023-06-24 12:00","0","0"
"2023-06-24 12:30","0","0"
"2023-06-24 13:00","1","0"
"2023-06-24 13:30","0","0"
"2023-06-24 14:00","2","0"
"2023-06-24 14:30","0","0"
"2023-06-24 15:00","0","0"
"2023-06-24 15:30","0","0"
"2023-06-24 16:00","0","0"
"2023-06-24 16:30","0","0"
"2023-06-24 17:00","0","0"
"2023-06-24 17:30","0","0"
"2023-06-24 18:00","0","0"
"2023-06-24 18:30","0","0"
"2023-06-24 19:00","0","0"
"2023-06-24 19:30","0","0"
"2023-06-24 20:00","0","0"
"2023-06-24 20:30","0","0"
"2023-06-24 21:00","0","0"
"2023-06-24 21:30","0","0"
"2023-06-24 22:30","0","0"
"2023-06-24 23:00","0","0"
"2023-06-24 23:30","0","0"
"2023-06-25 00:00","0","0"
"2023-06-25 00:30","0","0"
"2023-06-25 01:00","0","0"
"2023-06-25 01:30","0","0"
"2023-06-25 02:00","3","0"
"2023-06-25 02:30","0","0"
"2023-06-25 03:00","0","0"
"2023-06-25 03:30","0","0"
"2023-06-25 04:30","0","0"
"2023-06-25 05:00","0","0"
"2023-06-25 05:30","11","0"
"2023-06-25 06:00","8","0"
"2023-06-25 06:30","18","0"
"2023-06-25 07:00","11","0"
"2023-06-25 07:30","14","0"
"2023-06-25 08:00","22","0"
"2023-06-25 08:30","9","0"
"2023-06-25 09:00","9","0"
"2023-06-25 09:30","7","0"
"2023-06-25 10:00","2","1"
"2023-06-25 10:30","8","0"
"2023-06-25 11:00","2","0"
"2023-06-25 11:30","0","0"
"2023-06-25 12:00","0","0"
"2023-06-25 12:30","4","2"
"2023-06-25 13:00","0","2"
"2023-06-25 13:30","0","0"
"2023-06-25 14:00","0","1"
"2023-06-25 14:30","0","0"
"2023-06-25 15:00","0","0"
"2023-06-25 15:30","0","0"
"2023-06-25 16:00","0","0"
"2023-06-25 16:30","0","0"
"2023-06-25 17:00","0","0"
"2023-06-25 17:30","0","0"
"2023-06-25 18:00","0","0"
"2023-06-25 18:30","0","0"
"2023-06-25 19:00","0","0"
"2023-06-25 19:30","0","0"
"2023-06-25 20:00","0","0"
"2023-06-25 20:30","0","0"
"2023-06-25 21:00","0","0"
"2023-06-25 21:30","0","0"
"2023-06-25 22:00","0","0"
"2023-06-25 22:30","0","0"
"2023-06-25 23:00","0","0"
"2023-06-25 23:30","0","0"
"2023-06-26 00:00","0","0"
"2023-06-26 00:30","0","0"
"2023-06-26 01:00","0","0"
"2023-06-26 01:30","0","0"
"2023-06-26 02:00","0","0"
"2023-06-26 03:30","0","0"
"2023-06-26 04:00","0","0"
"2023-06-26 04:30","0","0"
"2023-06-26 05:00","0","0"
"2023-06-26 05:30","0","0"
"2023-06-26 06:00","2","0"
"2023-06-26 06:30","0","0"
"2023-06-26 07:00","2","0"
"2023-06-26 07:30","2","0"
"2023-06-26 08:00","1","0"
"2023-06-26 09:00","2","0"
"2023-06-26 09:30","0","0"
"2023-06-26 10:00","0","0"
"2023-06-26 10:30","0","0"
"2023-06-26 11:00","1","0"
"2023-06-26 11:30","0","0"
"2023-06-26 12:00","1","0"
"2023-06-26 12:30","0","0"
"2023-06-26 13:00","0","0"
"2023-06-26 13:30","0","0"
"2023-06-26 14:00","0","0"
"2023-06-26 14:30","0","0"
"2023-06-26 15:00","0","0"
"2023-06-26 15:30","0","0"
"2023-06-26 16:00","1","0"
"2023-06-26 16:30","0","0"
"2023-06-26 17:00","0","0"
"2023-06-26 17:30","0","0"
"2023-06-26 18:00","0","0"
"2023-06-26 18:30","0","0"
"2023-06-26 19:00","0","0"
"2023-06-26 19:30","0","0"
"2023-06-26 20:00","0","0"
"2023-06-26 20:30","0","0"
"2023-06-26 21:00","0","0"
"2023-06-26 21:30","0","0"
"2023-06-26 22:00","0","0"
"2023-06-26 22:30","0","0"
"2023-06-26 23:00","0","0"
"2023-06-26 23:30","0","0"
"2023-06-27 00:00","0","0"
"2023-06-27 00:30","0","0"
"2023-06-27 01:00","0","0"
"2023-06-27 01:30","0","0"
"2023-06-27 02:00","0","0"
"2023-06-27 02:30","0","0"
"2023-06-27 03:00","0","0"
"2023-06-27 03:30","0","0"
"2023-06-27 04:00","0","0"
"2023-06-27 04:30","0","0"
"2023-06-27 05:00","0","0"
"2023-06-27 05:30","0","0"
"2023-06-27 06:00","0","0"
"2023-06-27 06:30","0","0"
"2023-06-27 07:00","0","0"
"2023-06-27 07:30","0","0"
"2023-06-27 08:00","0","0"
"2023-06-27 08:30","0","0"
"2023-06-27 09:00","0","0"
"2023-06-27 09:30","0","0"
"2023-06-27 10:00","0","0"
"2023-06-27 10:30","0","0"
"2023-06-27 11:00","0","0"
"2023-06-27 11:30","0","0"
"2023-06-27 12:00","0","0"
"2023-06-27 12:30","0","0"
"2023-06-27 13:00","0","0"
"2023-06-27 13:30","0","0"
"2023-06-27 14:00","0","0"
"2023-06-27 14:30","0","0"
"2023-06-27 15:00","0","0"
"2023-06-27 15:30","0","0"
"2023-06-27 16:00","0","0"
"2023-06-27 16:30","0","0"
"2023-06-27 17:00","0","0"
"2023-06-27 17:30","0","0"
"2023-06-27 18:00","0","0"
"2023-06-27 18:30","0","0"
"2023-06-27 19:00","0","0"
"2023-06-27 19:30","0","0"
"2023-06-27 20:00","0","0"
"2023-06-27 20:30","0","0"
"2023-06-27 21:00","0","0"
"2023-06-27 21:30","0","0"
"2023-06-27 22:00","0","0"
"2023-06-27 22:30","0","0"
"2023-06-27 23:00","0","0"
"2023-06-27 23:30","0","0"
"2023-06-28 00:00","0","0"
"2023-06-28 00:30","0","0"
"2023-06-28 01:00","0","0"
"2023-06-28 01:30","0","0"
"2023-06-28 02:00","0","0"
"2023-06-28 02:30","0","0"
"2023-06-28 03:00","0","0"
"2023-06-28 03:30","0","0"
"2023-06-28 04:00","0","0"
"2023-06-28 04:30","0","0"
"2023-06-28 05:00","0","0"
"2023-06-28 05:30","0","0"
"2023-06-28 06:00","0","0"
"2023-06-28 06:30","0","0"
"2023-06-28 07:00","0","0"
"2023-06-28 07:30","0","0"
"2023-06-28 08:00","0","0"
"2023-06-28 08:30","0","0"
"2023-06-28 09:00","2","0"
"2023-06-28 09:30","0","0"
"2023-06-28 10:00","3","0"
"2023-06-28 10:30","0","0"
"2023-06-28 11:00","0","0"
"2023-06-28 11:30","1","0"
"2023-06-28 12:00","0","0"
"2023-06-28 12:30","0","0"
"2023-06-28 13:00","0","0"
"2023-06-28 13:30","0","0"
"2023-06-28 14:00","0","0"
"2023-06-28 14:30","0","0"
"2023-06-28 15:00","0","0"
"2023-06-28 15:30","0","0"
"2023-06-28 16:00","0","0"
"2023-06-28 16:30","0","0"
"2023-06-28 17:00","0","0"
"2023-06-28 18:00","0","0"
"2023-06-28 18:30","0","0"
"2023-06-28 19:00","0","0"
"2023-06-28 19:30","1","0"
"2023-06-28 20:00","0","0"
"2023-06-28 20:30","0","0"
"2023-06-28 21:00","0","0"
"2023-06-28 21:30","0","0"
"2023-06-28 22:00","0","0"
"2023-06-28 22:30","0","0"
"2023-06-28 23:00","0","0"
"2023-06-28 23:30","0","0"
"2023-06-29 00:00","0","0"
"2023-06-29 00:30","0","0"
"2023-06-29 01:00","0","0"
"2023-06-29 01:30","0","0"
"2023-06-29 02:00","0","0"
"2023-06-29 02:30","0","0"
"2023-06-29 03:00","0","0"
"2023-06-29 03:30","0","0"
"2023-06-29 04:00","0","0"
"2023-06-29 04:30","0","0"
"2023-06-29 05:00","0","0"
"2023-06-29 05:30","0","0"
"2023-06-29 06:00","2","0"
"2023-06-29 06:30","0","0"
"2023-06-29 07:00","3","0"
"2023-06-29 07:30","8","0"
"2023-06-29 08:00","2","0"
"2023-06-29 08:30","2","0"
"2023-06-29 09:00","0","0"
"2023-06-29 09:30","0","0"
"2023-06-29 10:00","0","0"
"2023-06-29 10:30","0","0"
"2023-06-29 11:00","0","0"
"2023-06-29 11:30","0","0"
"2023-06-29 12:00","0","0"
"2023-06-29 12:30","0","0"
"2023-06-29 13:00","0","0"
"2023-06-29 13:30","0","0"
"2023-06-29 14:00","0","0"
"2023-06-29 14:30","0","0"
"2023-06-29 15:00","0","0"
"2023-06-29 15:30","0","0"
"2023-06-29 16:00","2","0"
"2023-06-29 16:30","0","2"
"2023-06-29 17:00","0","0"
"2023-06-29 18:00","0","0"
"2023-06-29 18:30","0","0"
"2023-06-29 19:00","0","0"
"2023-06-29 19:30","0","0"
"2023-06-29 20:00","0","0"
"2023-06-29 20:30","0","0"
"2023-06-29 21:00","0","0"
"2023-06-29 21:30","0","0"
"2023-06-29 22:00","0","0"
"2023-06-29 22:30","0","0"
"2023-06-29 23:00","0","0"
"2023-06-29 23:30","0","0"
"2023-06-30 00:00","0","0"
"2023-06-30 00:30","0","0"
"2023-06-30 01:00","0","0"
"2023-06-30 01:30","0","0"
"2023-06-30 02:00","0","0"
"2023-06-30 02:30","0","0"
"2023-06-30 03:00","0","0"
"2023-06-30 03:30","0","0"
"2023-06-30 04:00","0","0"
"2023-06-30 04:30","0","0"
"2023-06-30 05:00","0","0"
"2023-06-30 05:30","1","0"
"2023-06-30 06:00","2","0"
"2023-06-30 06:30","5","1"
"2023-06-30 07:00","13","0"
"2023-06-30 07:30","3","0"
"2023-06-30 08:00","13","0"
"2023-06-30 08:30","0","0"
"2023-06-30 09:00","1","0"
"2023-06-30 09:30","3","1"
"2023-06-30 10:00","0","0"
"2023-06-30 10:30","0","0"
"2023-06-30 11:00","1","0"
"2023-06-30 11:30","0","0"
"2023-06-30 12:00","0","0"
"2023-06-30 12:30","0","0"
"2023-06-30 13:00","0","0"
"2023-06-30 13:30","2","0"
"2023-06-30 14:00","0","0"
"2023-06-30 14:30","0","0"
"2023-06-30 15:00","0","0"
"2023-06-30 15:30","0","0"
"2023-06-30 16:00","0","0"
"2023-06-30 16:30","0","0"
"2023-06-30 17:00","0","0"
"2023-06-30 17:30","0","0"
"2023-06-30 18:00","0","0"
"2023-06-30 18:30","0","0"
"2023-06-30 19:00","0","0"
"2023-06-30 19:30","0","0"
"2023-06-30 20:00","0","0"
"2023-06-30 20:30","0","0"
"2023-06-30 21:00","0","2"
"2023-06-30 22:30","0","0"
"2023-06-30 23:00","0","0"
"2023-06-30 23:30","0","0"
"2023-07-01 00:00","0","0"
"2023-07-01 00:30","0","0"
"2023-07-01 01:00","0","0"
"2023-07-01 01:30","0","0"
"2023-07-01 02:00","0","0"
"2023-07-01 02:30","0","0"
"2023-07-01 03:00","0","0"
"2023-07-01 03:30","0","0"
"2023-07-01 04:00","0","0"
"2023-07-01 04:30","0","0"
"2023-07-01 05:00","0","0"
"2023-07-01 05:30","0","0"
"2023-07-01 06:00","0","0"
"2023-07-01 06:30","0","0"
"2023-07-01 07:00","0","0"
"2023-07-01 07:30","0","0"
"2023-07-01 08:00","0","0"
"2023-07-01 08:30","0","0"
"2023-07-01 09:00","0","0"
"2023-07-01 09:30","0","0"
"2023-07-01 10:00","0","0"
"2023-07-01 10:30","0","0"
"2023-07-01 11:00","0","0"
"2023-07-01 11:30","0","0"
"2023-07-01 12:00","0","0"
"2023-07-01 12:30","0","0"
"2023-07-01 13:00","0","0"
"2023-07-01 13:30","0","0"
"2023-07-01 14:00","0","0"
"2023-07-01 14:30","0","0"
"2023-07-01 15:00","0","0"
"2023-07-01 15:30","0","0"
"2023-07-01 16:00","0","0"
"2023-07-01 16:30","0","0"
"2023-07-01 17:00","0","0"
"2023-07-01 17:30","0","0"
"2023-07-01 18:30","0","0"
"2023-07-01 19:00","0","0"
"2023-07-01 19:30","0","0"
"2023-07-01 20:00","0","0"
"2023-07-01 20:30","0","0"
"2023-07-01 21:00","0","0"
"2023-07-01 21:30","0","0"
"2023-07-01 22:00","0","0"
"2023-07-01 22:30","0","0"
"2023-07-01 23:00","0","0"
"2023-07-01 23:30","0","0"
"2023-07-02 00:00","0","0"
"2023-07-02 00:30","0","0"
"2023-07-02 01:00","0","0"
"2023-07-02 01:30","0","0"
"2023-07-02 02:00","0","0"
"2023-07-02 02:30","0","0"
"2023-07-02 03:00","0","0"
"2023-07-02 03:30","0","0"
"2023-07-02 04:00","0","0"
"2023-07-02 04:30","0","0"
"2023-07-02 05:00","2","0"
"2023-07-02 05:30","0","0"
"2023-07-02 06:00","15","0"
"2023-07-02 06:30","4","0"
"2023-07-02 07:00","2","0"
"2023-07-02 07:30","4","0"
"2023-07-02 08:00","10","0"
"2023-07-02 08:30","12","0"
"2023-07-02 09:00","1","0"
"2023-07-02 09:30","4","1"
"2023-07-02 10:00","2","0"
"2023-07-02 10:30","0","0"
"2023-07-02 11:00","0","0"
"2023-07-02 11:30","0","0"
"2023-07-02 12:00","1","0"
"2023-07-02 12:30","0","2"
"2023-07-02 13:00","0","0"
"2023-07-02 13:30","0","0"
"2023-07-02 14:00","0","0"
"2023-07-02 14:30","0","0"
"2023-07-02 15:00","0","0"
"2023-07-02 15:30","0","0"
"2023-07-02 16:00","0","0"
"2023-07-02 16:30","0","0"
"2023-07-02 17:00","0","0"
"2023-07-02 17:30","0","0"
"2023-07-02 18:00","0","0"
"2023-07-02 18:30","0","0"
"2023-07-02 19:00","0","0"
"2023-07-02 19:30","0","0"
"2023-07-02 20:00","0","2"
"2023-07-02 20:30","0","0"
"2023-07-02 21:00","0","0"
"2023-07-02 21:30","0","0"
"2023-07-02 22:00","0","0"
"2023-07-02 22:30","0","0"
"2023-07-02 23:00","0","0"
"2023-07-02 23:30","0","0"
"2023-07-03 00:00","0","0"
"2023-07-17 14:00","0","0"
"2023-07-17 14:30","0","0"
"2023-07-17 15:00","1","0"
"2023-07-17 16:00","2","0"
"2023-07-17 16:30","0","0"
"2023-07-17 17:00","0","0"
"2023-07-17 17:30","0","0"
"2023-07-17 18:00","0","0"
"2023-07-17 18:30","0","0"
"2023-07-17 19:00","0","0"
"2023-07-17 19:30","0","0"
"2023-07-17 20:00","0","0"
"2023-07-17 20:30","0","0"
"2023-07-17 21:00","0","0"
"2023-07-17 21:30","0","0"
"2023-07-17 22:00","0","0"
"2023-07-17 22:30","0","0"
"2023-07-17 23:00","0","0"
"2023-07-17 23:30","0","0"
"2023-07-18 00:00","0","0"
"2023-07-18 00:30","0","0"
"2023-07-18 01:00","0","0"
"2023-07-18 01:30","0","0"
"2023-07-18 02:00","0","0"
"2023-07-18 02:30","0","0"
"2023-07-18 03:30","0","0"
"2023-07-18 04:00","0","0"
"2023-07-18 04:30","0","0"
"2023-07-18 05:00","0","0"
"2023-07-18 05:30","5","2"
"2023-07-18 06:00","0","0"
"2023-07-18 06:30","0","0"
"2023-07-18 07:00","2","0"
"2023-07-18 07:30","0","0"
"2023-07-18 08:00","0","0"
"2023-07-18 08:30","2","0"
"2023-07-18 09:00","3","0"
"2023-07-18 09:30","0","0"
"2023-07-18 10:00","0","0"
"2023-07-18 10:30","0","0"
"2023-07-18 11:00","0","2"
"2023-07-18 11:30","0","0"
"2023-07-18 12:30","0","0"
"2023-07-18 13:00","0","0"
"2023-07-18 13:30","0","0"
"2023-07-18 14:00","0","0"
"2023-07-18 14:30","0","0"
"2023-07-18 15:00","0","0"
"2023-07-18 16:00","0","0"
"2023-07-18 16:30","0","0"
"2023-07-18 17:00","0","0"
"2023-07-18 17:30","0","0"
"2023-07-18 18:00","0","0"
"2023-07-18 18:30","0","0"
"2023-07-18 19:00","0","0"
"2023-07-18 19:30","0","0"
"2023-07-18 20:00","0","0"
"2023-07-18 20:30","0","0"
"2023-07-18 21:00","0","0"
"2023-07-18 21:30","0","0"
"2023-07-18 22:00","0","0"
"2023-07-18 22:30","0","0"
"2023-07-18 23:00","0","0"
"2023-07-18 23:30","0","0"
"2023-07-19 00:00","0","0"
"2023-07-19 00:30","0","0"
"2023-07-19 01:00","0","0"
"2023-07-19 01:30","0","0"
"2023-07-19 02:00","0","0"
"2023-07-19 02:30","0","0"
"2023-07-19 03:00","0","0"
"2023-07-19 03:30","0","0"
"2023-07-19 04:00","0","0"
"2023-07-19 04:30","0","0"
"2023-07-19 05:00","0","0"
"2023-07-19 05:30","0","0"
"2023-07-19 06:00","0","0"
"2023-07-19 06:30","0","0"
"2023-07-19 07:00","0","0"
"2023-07-19 07:30","0","0"
"2023-07-19 08:00","0","0"
"2023-07-19 09:00","0","0"
"2023-07-19 09:30","0","0"
"2023-07-19 10:00","0","0"
"2023-07-19 10:30","0","0"
"2023-07-19 11:00","0","0"
"2023-07-19 11:30","0","0"
"2023-07-19 12:00","0","0"
"2023-07-19 12:30","0","0"
"2023-07-19 13:00","0","0"
"2023-07-19 13:30","0","0"
"2023-07-19 14:00","0","0"
"2023-07-19 15:30","0","0"
"2023-07-19 16:00","0","0"
"2023-07-19 16:30","0","0"
"2023-07-19 17:00","0","0"
"2023-07-19 17:30","0","0"
"2023-07-19 18:00","0","0"
"2023-07-19 18:30","0","0"
"2023-07-19 19:00","0","0"
"2023-07-19 19:30","0","0"
"2023-07-19 20:00","0","0"
"2023-07-19 20:30","0","0"
"2023-07-19 21:00","0","0"
"2023-07-19 21:30","0","0"
"2023-07-19 22:00","0","0"
"2023-07-19 22:30","0","0"
"2023-07-19 23:00","0","0"
"2023-07-19 23:30","0","0"
"2023-07-20 00:00","0","0"
"2023-07-20 00:30","0","0"
"2023-07-20 01:00","0","0"
"2023-07-20 01:30","0","0"
"2023-07-20 02:00","0","0"
"2023-07-20 02:30","0","0"
"2023-07-20 03:00","0","0"
"2023-07-20 03:30","0","0"
"2023-07-20 04:00","0","0"
"2023-07-20 04:30","0","0"
"2023-07-20 05:00","0","0"
"2023-07-20 05:30","0","0"
"2023-07-20 06:00","0","0"
"2023-07-20 06:30","0","0"
"2023-07-20 07:00","0","0"
"2023-07-20 07:30","0","0"
"2023-07-20 08:00","0","0"
"2023-07-20 08:30","0","0"
"2023-07-20 09:00","0","0"
"2023-07-20 09:30","0","0"
"2023-07-20 10:00","0","0"
"2023-07-20 10:30","0","0"
"2023-07-20 11:00","0","0"
"2023-07-20 11:30","0","0"
"2023-07-20 12:00","0","0"
"2023-07-20 12:30","0","0"
"2023-07-20 13:00","0","0"
"2023-07-20 13:30","0","0"
"2023-07-20 14:00","0","0"
"2023-07-20 14:30","0","0"
"2023-07-20 15:00","0","0"
"2023-07-20 15:30","0","0"
"2023-07-20 16:00","0","0"
"2023-07-20 16:30","0","0"
"2023-07-20 17:00","0","0"
"2023-07-20 17:30","0","0"
"2023-07-20 18:00","0","0"
"2023-07-20 18:30","0","0"
"2023-07-20 19:00","0","0"
"2023-07-20 19:30","0","0"
"2023-07-20 20:00","0","0"
"2023-07-20 20:30","0","0"
"2023-07-20 21:00","0","0"
"2023-07-20 21:30","0","0"
"2023-07-20 22:00","0","0"
"2023-07-20 22:30","0","0"
"2023-07-20 23:00","0","0"
"2023-07-20 23:30","0","0"
"2023-07-21 00:00","0","0"
"2023-07-21 00:30","0","0"
"2023-07-21 01:00","0","0"
"2023-07-21 01:30","0","0"
"2023-07-21 02:00","0","0"
"2023-07-21 02:30","0","0"
"2023-07-21 03:00","0","0"
"2023-07-21 03:30","0","0"
"2023-07-21 04:00","0","0"
"2023-07-21 04:30","0","0"
"2023-07-21 05:00","0","0"
"2023-07-21 05:30","0","0"
"2023-07-21 06:00","0","0"
"2023-07-21 06:30","0","0"
"2023-07-21 07:00","0","0"
"2023-07-21 07:30","0","0"
"2023-07-21 08:00","0","0"
"2023-07-21 08:30","0","0"
"2023-07-21 09:00","0","0"
"2023-07-21 09:30","0","0"
"2023-07-21 10:00","0","0"
"2023-07-21 10:30","0","0"
"2023-07-21 11:00","0","0"
"2023-07-21 11:30","0","0"
"2023-07-21 12:00","0","0"
"2023-07-21 12:30","0","0"
"2023-07-21 13:00","0","0"
"2023-07-21 13:30","0","0"
"2023-07-21 14:30","0","0"
"2023-07-21 15:00","0","0"
"2023-07-21 15:30","0","0"
"2023-07-21 16:00","0","0"
"2023-07-21 16:30","0","0"
"2023-07-21 17:00","0","0"
"2023-07-21 17:30","0","0"
"2023-07-21 18:00","0","0"
"2023-07-21 18:30","0","0"
"2023-07-21 19:00","0","0"
"2023-07-21 19:30","0","0"
"2023-07-21 20:00","0","0"
"2023-07-21 20:30","0","0"
"2023-07-21 21:30","0","0"
"2023-07-21 22:00","0","0"
"2023-07-21 22:30","0","0"
"2023-07-21 23:00","0","0"
"2023-07-21 23:30","0","0"
"2023-07-22 00:00","0","0"
"2023-07-22 00:30","0","0"
"2023-07-22 01:00","0","0"
"2023-07-22 01:30","0","0"
"2023-07-22 02:00","0","0"
"2023-07-22 02:30","0","0"
"2023-07-22 03:00","0","0"
"2023-07-22 03:30","0","0"
"2023-07-22 04:00","0","0"
"2023-07-22 04:30","0","0"
"2023-07-22 05:00","0","0"
"2023-07-22 05:30","0","0"
"2023-07-22 06:00","0","0"
"2023-07-22 06:30","0","0"
"2023-07-22 07:00","1","0"
"2023-07-22 07:30","0","0"
"2023-07-22 08:00","0","0"
"2023-07-22 08:30","0","0"
"2023-07-22 09:00","0","0"
"2023-07-22 09:30","0","0"
"2023-07-22 10:00","0","0"
"2023-07-22 10:30","0","0"
"2023-07-22 11:00","0","0"
"2023-07-22 11:30","0","0"
"2023-07-22 12:00","0","0"
"2023-07-22 12:30","0","0"
"2023-07-22 13:00","0","0"
"2023-07-22 13:30","0","0"
"2023-07-22 14:00","0","0"
"2023-07-22 14:30","0","0"
"2023-07-22 15:00","0","0"
"2023-07-22 15:30","0","0"
"2023-07-22 16:00","0","0"
"2023-07-22 16:30","0","0"
"2023-07-22 17:00","0","0"
"2023-07-22 17:30","0","0"
"2023-07-22 18:00","0","0"
"2023-07-22 18:30","0","0"
"2023-07-22 19:00","0","0"
"2023-07-22 19:30","0","0"
"2023-07-22 20:00","0","0"
"2023-07-22 20:30","0","0"
"2023-07-22 21:00","0","0"
"2023-07-22 21:30","0","0"
"2023-07-22 22:00","0","0"
"2023-07-22 22:30","0","0"
"2023-07-22 23:00","0","0"
"2023-07-22 23:30","0","0"
"2023-07-23 00:00","0","0"
"2023-07-23 00:30","0","0"
"2023-07-23 01:00","0","0"
"2023-07-23 01:30","0","0"
"2023-07-23 02:00","0","0"
"2023-07-23 02:30","0","0"
"2023-07-23 03:00","0","0"
"2023-07-23 03:30","0","0"
"2023-07-23 04:00","0","0"
"2023-07-23 04:30","0","0"
"2023-07-23 05:00","0","0"
"2023-07-23 05:30","0","0"
"2023-07-23 06:00","5","0"
"2023-07-23 06:30","14","0"
"2023-07-23 07:00","3","0"
"2023-07-23 07:30","15","0"
"2023-07-23 08:00","11","0"
"2023-07-23 08:30","4","0"
"2023-07-23 09:00","9","1"
"2023-07-23 09:30","1","0"
"2023-07-23 10:00","0","0"
"2023-07-23 10:30","5","0"
"2023-07-23 11:00","0","0"
"2023-07-23 11:30","0","5"
"2023-07-23 12:00","0","0"
"2023-07-23 12:30","0","0"
"2023-07-23 13:00","0","0"
"2023-07-23 13:30","0","0"
"2023-07-23 14:00","0","0"
"2023-07-23 14:30","0","0"
"2023-07-23 15:00","0","0"
"2023-07-23 15:30","0","0"
"2023-07-23 16:00","0","0"
"2023-07-23 16:30","0","0"
"2023-07-23 17:00","0","0"
"2023-07-23 17:30","0","0"
"2023-07-23 18:00","0","0"
"2023-07-23 18:30","0","0"
"2023-07-23 19:00","0","0"
"2023-07-23 19:30","0","0"
"2023-07-23 20:00","0","0"
"2023-07-23 20:30","0","0"
"2023-07-23 21:00","0","0"
"2023-07-23 21:30","0","0"
"2023-07-23 22:00","0","0"
"2023-07-23 22:30","0","0"
"2023-07-23 23:00","0","0"
"2023-07-23 23:30","0","0"
"2023-07-24 00:00","0","0"
"2023-07-24 00:30","0","0"
"2023-07-24 01:00","0","0"
"2023-07-24 01:30","0","0"
"2023-07-24 02:00","0","0"
"2023-07-24 02:30","0","0"
"2023-07-24 03:00","0","0"
"2023-07-24 03:30","0","0"
"2023-07-24 04:00","0","0"
"2023-07-24 04:30","0","0"
"2023-07-24 05:00","0","0"
"2023-07-24 05:30","0","0"
"2023-07-24 06:00","1","0"
"2023-07-24 06:30","0","0"
"2023-07-24 07:00","3","0"
"2023-07-24 07:30","4","0"
"2023-07-24 08:00","0","0"
"2023-07-24 08:30","1","0"
"2023-07-24 09:00","0","0"
"2023-07-24 09:30","1","0"
"2023-07-24 10:00","2","0"
"2023-07-24 10:30","1","0"
"2023-07-24 11:00","0","0"
"2023-07-24 11:30","0","0"
"2023-07-24 12:00","0","0"
"2023-07-24 12:30","0","0"
"2023-07-24 13:00","0","0"
"2023-07-24 13:30","0","0"
"2023-07-24 14:00","0","0"
"2023-07-24 14:30","0","0"
"2023-07-24 15:00","0","0"
"2023-07-24 15:30","0","0"
"2023-07-24 16:00","0","0"
"2023-07-24 16:30","0","0"
"2023-07-24 17:00","0","0"
"2023-07-24 17:30","0","0"
"2023-07-24 18:00","0","0"
"2023-07-24 18:30","0","0"
"2023-07-24 19:00","0","0"
"2023-07-24 19:30","0","0"
"2023-07-24 20:00","0","0"
"2023-07-24 20:30","0","0"
"2023-07-24 21:00","0","0"
"2023-07-24 21:30","0","0"
"2023-07-24 22:00","0","0"
"2023-07-24 22:30","0","0"
"2023-07-24 23:00","0","0"
"2023-07-24 23:30","0","0"
"2023-07-25 00:00","0","0"
"2023-07-25 00:30","0","0"
"2023-07-25 01:00","0","0"
"2023-07-25 01:30","0","0"
"2023-07-25 02:00","0","0"
"2023-07-25 03:00","0","0"
"2023-07-25 03:30","0","0"
"2023-07-25 04:00","0","0"
"2023-07-25 04:30","0","0"
"2023-07-25 05:00","0","0"
"2023-07-25 05:30","0","0"
"2023-07-25 06:00","0","0"
"2023-07-25 06:30","0","0"
"2023-07-25 07:00","0","0"
"2023-07-25 07:30","0","0"
"2023-07-25 08:00","0","0"
"2023-07-25 08:30","0","0"
"2023-07-25 09:00","0","0"
"2023-07-25 09:30","0","0"
"2023-07-25 11:00","0","0"
"2023-07-25 11:30","0","0"
"2023-07-25 12:00","0","0"
"2023-07-25 12:30","0","0"
"2023-07-25 13:00","0","0"
"2023-07-25 13:30","0","0"
"2023-07-25 14:00","0","0"
"2023-07-25 14:30","0","0"
"2023-07-25 15:00","0","0"
"2023-07-25 15:30","0","0"
"2023-07-25 16:00","0","0"
"2023-07-25 16:30","0","0"
"2023-07-25 17:00","0","0"
"2023-07-25 18:00","0","0"
"2023-07-25 18:30","0","0"
"2023-07-25 19:00","0","0"
"2023-07-25 19:30","0","0"
"2023-07-25 20:00","0","0"
"2023-07-25 20:30","0","0"
"2023-07-25 21:00","0","0"
"2023-07-25 21:30","0","0"
"2023-07-25 22:00","0","0"
"2023-07-25 22:30","0","0"
"2023-07-25 23:00","0","0"
"2023-07-25 23:30","0","0"
"2023-07-26 00:00","0","0"
"2023-07-26 00:30","0","0"
"2023-07-26 01:00","0","0"
"2023-07-26 01:30","0","0"
"2023-07-26 02:00","0","0"
"2023-07-26 02:30","0","0"
"2023-07-26 03:30","0","0"
"2023-07-26 04:00","0","0"
"2023-07-26 04:30","0","0"
"2023-07-26 05:00","0","0"
"2023-07-26 05:30","0","0"
"2023-07-26 06:00","0","0"
"2023-07-26 06:30","0","0"
"2023-07-26 07:00","0","0"
"2023-07-26 07:30","0","0"
"2023-07-26 08:00","0","0"
"2023-07-26 08:30","0","0"
"2023-07-26 09:00","0","0"
"2023-07-26 09:30","0","0"
"2023-07-26 10:00","0","0"
"2023-07-26 10:30","0","0"
"2023-07-26 11:00","0","0"
"2023-07-26 12:00","0","0"
"2023-07-26 12:30","0","0"
"2023-07-26 13:00","0","0"
"2023-07-26 13:30","0","0"
"2023-07-26 14:00","0","0"
"2023-07-26 14:30","0","0"
"2023-07-26 15:00","0","0"
"2023-07-26 15:30","0","0"
"2023-07-26 16:00","0","0"
"2023-07-26 16:30","0","0"
"2023-07-26 17:00","0","0"
"2023-07-26 17:30","0","0"
"2023-07-26 18:00","0","0"
"2023-07-26 18:30","0","0"
"2023-07-26 19:00","0","0"
"2023-07-26 19:30","0","0"
"2023-07-26 20:00","0","0"
"2023-07-26 20:30","0","0"
"2023-07-26 21:00","0","0"
"2023-07-26 21:30","0","0"
"2023-07-26 22:00","0","0"
"2023-07-26 22:30","0","0"
"2023-07-26 23:00","0","0"
"2023-07-26 23:30","0","0"
"2023-07-27 00:00","0","0"
"2023-07-27 00:30","0","0"
"2023-07-27 01:00","0","0"
"2023-07-27 01:30","0","0"
"2023-07-27 02:00","0","0"
"2023-07-27 02:30","0","0"
"2023-07-27 03:00","0","0"
"2023-07-27 03:30","0","0"
"2023-07-27 04:00","0","0"
"2023-07-27 04:30","0","0"
"2023-07-27 05:00","0","0"
"2023-07-27 05:30","0","0"
"2023-07-27 06:00","3","0"
"2023-07-27 06:30","2","0"
"2023-07-27 07:30","0","0"
"2023-07-27 08:00","1","0"
"2023-07-27 08:30","1","0"
"2023-07-27 09:00","2","0"
"2023-07-27 09:30","0","0"
"2023-07-27 10:00","6","1"
"2023-07-27 11:00","0","0"
"2023-07-27 11:30","0","0"
"2023-07-27 12:00","0","0"
"2023-07-27 12:30","0","0"
"2023-07-27 13:00","1","0"
"2023-07-27 13:30","0","0"
"2023-07-27 14:00","0","0"
"2023-07-27 14:30","0","0"
"2023-07-27 15:00","0","0"
"2023-07-27 15:30","2","0"
"2023-07-27 16:00","0","0"
"2023-07-27 16:30","0","0"
"2023-07-27 17:30","0","0"
"2023-07-27 18:00","0","0"
"2023-07-27 18:30","0","0"
"2023-07-27 19:00","0","0"
"2023-07-27 19:30","0","0"
"2023-07-27 20:00","0","0"
"2023-07-27 20:30","0","0"
"2023-07-27 21:00","0","0"
"2023-07-27 21:30","0","0"
"2023-07-27 22:00","0","0"
"2023-07-27 22:30","0","0"
"2023-07-27 23:00","0","0"
"2023-07-27 23:30","0","0"
"2023-07-28 00:00","0","0"
"2023-07-28 00:30","0","0"
"2023-07-28 01:00","0","0"
"2023-07-28 01:30","0","0"
"2023-07-28 02:00","0","0"
"2023-07-28 02:30","0","0"
"2023-07-28 03:00","0","0"
"2023-07-28 03:30","0","0"
"2023-07-28 04:00","0","0"
"2023-07-28 04:30","0","0"
"2023-07-28 05:00","0","0"
"2023-07-28 05:30","0","0"
"2023-07-28 06:00","2","0"
"2023-07-28 06:30","2","0"
"2023-07-28 07:00","5","0"
"2023-07-28 07:30","6","0"
"2023-07-28 08:00","1","0"
"2023-07-28 08:30","2","0"
"2023-07-28 09:00","3","0"
"2023-07-28 09:30","0","0"
"2023-07-28 10:00","0","0"
"2023-07-28 11:00","1","0"
"2023-07-28 11:30","2","0"
"2023-07-28 12:00","0","0"
"2023-07-28 12:30","0","2"
"2023-07-28 13:00","0","2"
"2023-07-28 13:30","0","0"
"2023-07-28 14:00","0","0"
"2023-07-28 14:30","0","0"
"2023-07-28 15:00","0","0"
"2023-07-28 15:30","0","0"
"2023-07-28 16:00","0","0"
"2023-07-28 16:30","0","0"
"2023-07-28 17:00","0","0"
"2023-07-28 17:30","0","0"
"2023-07-28 18:00","0","0"
"2023-07-28 18:30","0","0"
"2023-07-28 19:00","0","0"
"2023-07-28 19:30","0","0"
"2023-07-28 20:00","0","0"
"2023-07-28 20:30","0","0"
"2023-07-28 21:00","0","0"
"2023-07-28 21:30","0","0"
"2023-07-28 22:00","0","0"
"2023-07-28 22:30","0","0"
"2023-07-28 23:00","0","0"
"2023-07-28 23:30","0","0"
"2023-07-29 00:00","0","0"
"2023-07-29 00:30","0","0"
"2023-07-29 01:00","0","0"
"2023-07-29 01:30","0","0"
"2023-07-29 02:00","0","0"
"2023-07-29 02:30","0","0"
"2023-07-29 03:00","0","0"
"2023-07-29 03:30","0","0"
"2023-07-29 04:00","0","0"
"2023-07-29 04:30","0","0"
"2023-07-29 05:00","3","0"
"2023-07-29 05:30","15","0"
"2023-07-29 06:00","8","0"
"2023-07-29 06:30","6","0"
"2023-07-29 07:00","5","17"
"2023-07-29 07:30","13","0"
"2023-07-29 08:00","16","0"
"2023-07-29 08:30","4","1"
"2023-07-29 09:00","7","4"
"2023-07-29 09:30","2","15"
"2023-07-29 10:00","9","0"
"2023-07-29 10:30","5","1"
"2023-07-29 11:00","0","0"
"2023-07-29 11:30","2","0"
"2023-07-29 12:00","0","0"
"2023-07-29 12:30","2","0"
"2023-07-29 13:30","0","0"
"2023-07-29 14:00","0","0"
"2023-07-29 15:00","0","0"
"2023-07-29 16:00","0","0"
"2023-07-29 16:30","0","0"
"2023-07-29 17:00","0","0"
"2023-07-29 17:30","0","0"
"2023-07-29 18:00","0","0"
"2023-07-29 18:30","0","0"
"2023-07-29 19:00","0","0"
"2023-07-29 19:30","0","0"
"2023-07-29 20:00","0","0"
"2023-07-29 20:30","0","0"
"2023-07-29 21:00","0","0"
"2023-07-29 21:30","0","0"
"2023-07-29 22:00","0","0"
"2023-07-29 23:00","0","0"
"2023-07-29 23:30","0","0"
"2023-07-30 00:30","0","0"
"2023-07-30 01:00","0","0"
"2023-07-30 01:30","0","0"
"2023-07-30 02:00","0","0"
"2023-07-30 02:30","0","0"
"2023-07-30 03:00","0","0"
"2023-07-30 03:30","0","0"
"2023-07-30 04:00","0","0"
"2023-07-30 04:30","0","0"
"2023-07-30 05:00","0","0"
"2023-07-30 05:30","0","0"
"2023-07-30 06:00","0","0"
"2023-07-30 06:30","0","0"
"2023-07-30 07:00","0","0"
"2023-07-30 07:30","0","0"
"2023-07-30 08:00","0","0"
"2023-07-30 08:30","0","0"
"2023-07-30 09:00","0","0"
"2023-07-30 09:30","0","0"
"2023-07-30 10:00","0","0"
"2023-07-30 10:30","0","0"
"2023-07-30 12:00","0","0"
"2023-07-30 12:30","0","0"
"2023-07-30 13:00","0","0"
"2023-07-30 13:30","0","0"
"2023-07-30 14:00","0","0"
"2023-07-30 14:30","0","2"
"2023-07-30 15:00","0","0"
"2023-07-30 15:30","0","0"
"2023-07-30 16:30","0","0"
"2023-07-30 17:00","0","0"
"2023-07-30 17:30","0","0"
"2023-07-30 18:00","0","0"
"2023-07-30 18:30","0","0"
"2023-07-30 19:00","0","0"
"2023-07-30 19:30","0","0"
"2023-07-30 20:00","0","0"
"2023-07-30 20:30","0","0"
"2023-07-30 21:00","0","0"
"2023-07-30 21:30","0","0"
"2023-07-30 22:00","0","0"
"2023-07-30 22:30","0","0"
"2023-07-30 23:00","0","0"
"2023-07-30 23:30","0","0"
"2023-07-31 00:00","0","0"
"2023-07-31 00:30","0","0"
"2023-07-31 01:00","0","0"
"2023-07-31 01:30","0","0"
"2023-07-31 02:00","0","0"
"2023-07-31 02:30","0","0"
"2023-07-31 03:00","0","0"
"2023-07-31 03:30","0","0"
"2023-07-31 04:00","0","0"
"2023-07-31 04:30","0","0"
"2023-07-31 05:00","0","0"
"2023-07-31 05:30","0","0"
"2023-07-31 06:00","0","0"
"2023-07-31 06:30","1","0"
"2023-07-31 07:00","1","0"
"2023-07-31 07:30","0","0"
"2023-07-31 08:00","0","0"
"2023-07-31 08:30","0","0"
"2023-07-31 09:00","0","0"
"2023-07-31 09:30","0","0"
"2023-07-31 10:00","0","0"
"2023-07-31 10:30","0","0"
"2023-07-31 11:00","0","0"
"2023-07-31 11:30","0","0"
"2023-07-31 12:00","0","0"
"2023-07-31 13:00","0","0"
"2023-07-31 13:30","0","0"
"2023-07-31 14:00","0","0"
"2023-07-31 14:30","0","0"
"2023-07-31 15:00","0","0"
"2023-07-31 15:30","0","0"
"2023-07-31 16:00","0","0"
"2023-07-31 16:30","0","0"
"2023-07-31 17:00","0","0"
"2023-07-31 17:30","0","0"
"2023-07-31 18:00","0","0"
"2023-07-31 18:30","0","0"
"2023-07-31 19:00","0","0"
"2023-07-31 19:30","0","0"
"2023-07-31 20:00","0","0"
"2023-07-31 20:30","0","0"
"2023-07-31 21:00","0","0"
"2023-07-31 21:30","0","0"
"2023-07-31 22:30","0","0"
"2023-07-31 23:00","0","0"
"2023-07-31 23:30","0","0"
"2023-08-01 00:00","0","0"
"2023-08-01 00:30","0","0"
"2023-08-01 01:00","0","0"
"2023-08-01 01:30","0","0"
"2023-08-01 02:00","0","0"
"2023-08-01 02:30","0","0"
"2023-08-01 03:00","0","0"
"2023-08-01 03:30","0","0"
"2023-08-01 04:00","0","0"
"2023-08-01 04:30","0","0"
"2023-08-01 05:00","0","0"
"2023-08-01 05:30","0","0"
"2023-08-01 06:00","0","0"
"2023-08-01 06:30","5","0"
"2023-08-01 08:00","0","0"
"2023-08-01 08:30","0","0"
"2023-08-01 09:00","0","0"
"2023-08-01 09:30","0","0"
"2023-08-01 10:00","0","0"
"2023-08-01 10:30","0","0"
"2023-08-01 11:00","0","0"
"2023-08-01 11:30","0","0"
"2023-08-01 12:00","0","0"
"2023-08-01 12:30","0","0"
"2023-08-01 13:00","0","0"
"2023-08-01 13:30","0","0"
"2023-08-01 14:00","0","0"
"2023-08-01 14:30","0","0"
"2023-08-01 15:00","0","0"
"2023-08-01 15:30","0","0"
"2023-08-01 16:00","0","0"
"2023-08-01 16:30","0","0"
"2023-08-01 17:00","0","0"
"2023-08-01 17:30","0","0"
"2023-08-01 18:00","0","0"
"2023-08-01 18:30","0","0"
"2023-08-01 19:00","0","0"
"2023-08-01 19:30","0","0"
"2023-08-01 20:00","0","0"
"2023-08-01 20:30","0","0"
"2023-08-01 21:00","0","0"
"2023-08-01 21:30","0","0"
"2023-08-01 22:00","0","0"
"2023-08-01 22:30","0","0"
"2023-08-01 23:00","0","0"
"2023-08-01 23:30","0","0"
"2023-08-02 00:00","0","0"
"2023-08-02 00:30","0","0"
"2023-08-02 01:00","0","0"
"2023-08-02 01:30","0","0"
"2023-08-02 02:00","0","0"
"2023-08-02 02:30","0","0"
"2023-08-02 03:00","0","0"
"2023-08-02 03:30","0","0"
"2023-08-02 04:00","0","0"
"2023-08-02 04:30","0","0"
"2023-08-02 05:00","0","0"
"2023-08-02 05:30","2","0"
"2023-08-02 06:00","0","0"
"2023-08-02 06:30","3","0"
"2023-08-02 07:00","0","0"
"2023-08-02 07:30","0","0"
"2023-08-02 08:00","4","0"
"2023-08-02 08:30","1","0"
"2023-08-02 09:00","0","0"
"2023-08-02 09:30","2","2"
"2023-08-02 10:00","0","0"
"2023-08-02 10:30","0","0"
"2023-08-02 11:00","2","0"
"2023-08-02 11:30","0","0"
"2023-08-02 12:00","0","0"
"2023-08-02 12:30","0","0"
"2023-08-02 13:00","0","0"
"2023-08-02 13:30","0","0"
"2023-08-02 14:00","0","0"
"2023-08-02 14:30","0","0"
"2023-08-02 15:00","0","0"
"2023-08-02 15:30","0","0"
"2023-08-02 16:00","0","0"
"2023-08-02 16:30","0","0"
"2023-08-02 17:00","0","0"
"2023-08-02 17:30","0","0"
"2023-08-02 18:00","0","0"
"2023-08-02 18:30","0","0"
"2023-08-02 19:00","0","0"
"2023-08-02 19:30","0","0"
"2023-08-02 20:00","0","0"
"2023-08-02 20:30","0","0"
"2023-08-02 21:00","0","0"
"2023-08-02 21:30","0","0"
"2023-08-02 22:00","0","0"
"2023-08-02 22:30","0","0"
"2023-08-02 23:00","0","0"
"2023-08-02 23:30","0","0"
"2023-08-03 00:00","0","0"
"2023-08-03 00:30","0","0"
"2023-08-03 01:00","0","0"
"2023-08-03 01:30","0","0"
"2023-08-03 02:00","0","0"
"2023-08-03 02:30","0","0"
"2023-08-03 03:00","0","0"
"2023-08-03 04:00","0","0"
"2023-08-03 04:30","0","0"
"2023-08-03 05:00","0","0"
"2023-08-03 05:30","0","0"
"2023-08-03 06:00","0","0"
"2023-08-03 06:30","2","0"
"2023-08-03 07:30","0","0"
"2023-08-03 08:00","0","0"
"2023-08-03 08:30","0","0"
"2023-08-03 09:00","0","0"
"2023-08-03 09:30","0","0"
"2023-08-03 10:00","0","0"
"2023-08-03 10:30","0","0"
"2023-08-03 11:00","0","0"
"2023-08-03 11:30","0","0"
"2023-08-03 12:00","0","0"
"2023-08-03 12:30","0","0"
"2023-08-03 13:00","0","0"
"2023-08-03 13:30","0","0"
"2023-08-03 14:00","0","0"
"2023-08-03 14:30","0","0"
"2023-08-03 15:00","0","0"
"2023-08-03 15:30","0","0"
"2023-08-03 16:00","0","0"
"2023-08-03 16:30","0","0"
"2023-08-03 17:00","0","0"
"2023-08-03 17:30","0","0"
"2023-08-03 18:00","0","0"
"2023-08-03 18:30","0","0"
"2023-08-03 19:00","0","0"
"2023-08-03 19:30","0","0"
"2023-08-03 20:00","0","0"
"2023-08-03 20:30","0","0"
"2023-08-03 21:00","0","0"
"2023-08-03 21:30","0","0"
"2023-08-03 22:00","0","0"
"2023-08-03 22:30","0","0"
"2023-08-03 23:00","0","0"
"2023-08-03 23:30","0","0"
"2023-08-04 00:00","0","0"
"2023-08-04 00:30","0","0"
"2023-08-04 01:00","0","0"
"2023-08-04 01:30","0","0"
"2023-08-04 02:00","0","0"
"2023-08-04 02:30","0","0"
"2023-08-04 03:00","0","0"
"2023-08-04 03:30","0","0"
"2023-08-04 04:00","0","0"
"2023-08-04 05:00","0","0"
"2023-08-04 05:30","0","0"
"2023-08-04 06:30","0","0"
"2023-08-04 07:00","0","0"
"2023-08-04 07:30","0","0"
"2023-08-04 08:00","0","0"
"2023-08-04 08:30","0","0"
"2023-09-07 17:00","5","4"
"2023-09-07 17:30","0","0"
"2023-09-07 18:00","1","0"
"2023-09-07 18:30","0","0"
"2023-09-07 19:00","0","0"
"2023-09-07 19:30","0","0"
"2023-09-07 20:00","0","0"
"2023-09-07 20:30","0","2"
"2023-09-07 21:00","0","0"
"2023-09-07 21:30","0","0"
"2023-09-07 22:00","0","0"
"2023-09-07 22:30","0","0"
"2023-09-07 23:00","0","0"
"2023-09-07 23:30","0","0"
"2023-09-08 00:00","0","0"
"2023-09-08 00:30","0","0"
"2023-09-08 01:00","0","0"
"2023-09-08 01:30","0","0"
"2023-09-08 02:00","0","0"
"2023-09-08 02:30","0","0"
"2023-09-08 03:30","0","0"
"2023-09-08 04:00","0","0"
"2023-09-08 04:30","0","0"
"2023-09-08 05:00","0","0"
"2023-09-08 05:30","0","0"
"2023-09-08 06:00","2","0"
"2023-09-08 07:00","0","0"
"2023-09-08 07:30","9","0"
"2023-09-08 08:00","0","0"
"2023-09-08 08:30","0","0"
"2023-09-08 09:30","0","0"
"2023-09-08 10:00","0","0"
"2023-09-08 10:30","0","0"
"2023-09-08 11:00","0","0"
"2023-09-08 11:30","0","0"
"2023-09-08 12:00","0","0"
"2023-09-08 12:30","0","0"
"2023-09-08 13:00","0","0"
"2023-09-08 13:30","0","0"
"2023-09-08 14:00","2","0"
"2023-09-08 14:30","0","0"
"2023-09-08 15:00","2","0"
"2023-09-08 15:30","0","0"
"2023-09-08 16:00","0","0"
"2023-09-08 16:30","0","0"
"2023-09-08 17:00","0","0"
"2023-09-08 17:30","0","0"
"2023-09-08 18:00","0","0"
"2023-09-08 18:30","0","0"
"2023-09-08 19:00","0","0"
"2023-09-08 20:00","0","0"
"2023-09-08 20:30","0","0"
"2023-09-08 21:00","0","0"
"2023-09-08 21:30","0","0"
"2023-09-08 22:30","0","0"
"2023-09-08 23:00","0","0"
"2023-09-08 23:30","0","0"
"2023-09-09 00:00","0","0"
"2023-09-09 00:30","0","0"
"2023-09-09 01:00","0","0"
"2023-09-09 01:30","0","0"
"2023-09-09 02:00","0","0"
"2023-09-09 02:30","0","0"
"2023-09-09 03:00","0","0"
"2023-09-09 03:30","0","0"
"2023-09-09 04:00","0","0"
"2023-09-09 04:30","0","0"
"2023-09-09 05:00","0","0"
"2023-09-09 05:30","4","0"
"2023-09-09 06:00","2","0"
"2023-09-09 06:30","2","0"
"2023-09-09 07:00","25","0"
"2023-09-09 07:30","6","0"
"2023-09-09 08:00","5","2"
"2023-09-09 08:30","10","0"
"2023-09-09 09:00","4","0"
"2023-09-09 09:30","0","0"
"2023-09-09 10:00","2","0"
"2023-09-09 10:30","2","0"
"2023-09-09 11:00","0","0"
"2023-09-09 12:00","0","0"
"2023-09-09 13:00","0","0"
"2023-09-09 13:30","0","0"
"2023-09-09 14:00","0","0"
"2023-09-09 14:30","0","0"
"2023-09-09 15:00","0","0"
"2023-09-09 15:30","0","0"
"2023-09-09 16:00","0","0"
"2023-09-09 16:30","0","0"
"2023-09-09 17:00","0","0"
"2023-09-09 17:30","0","0"
"2023-09-09 18:00","0","0"
"2023-09-09 18:30","0","0"
"2023-09-09 19:00","0","0"
"2023-09-09 19:30","0","0"
"2023-09-09 20:00","0","0"
"2023-09-09 20:30","0","0"
"2023-09-09 21:00","0","0"
"2023-09-09 21:30","0","0"
"2023-09-09 22:00","0","0"
"2023-09-09 22:30","0","0"
"2023-09-09 23:00","0","0"
"2023-09-09 23:30","0","0"
"2023-09-10 00:00","0","0"
"2023-09-10 00:30","0","0"
"2023-09-10 01:00","0","0"
"2023-09-10 01:30","0","0"
"2023-09-10 02:00","0","0"
"2023-09-10 02:30","0","0"
"2023-09-10 03:00","0","0"
"2023-09-10 03:30","0","0"
"2023-09-10 04:00","0","0"
"2023-09-10 04:30","2","0"
"2023-09-10 05:00","0","0"
"2023-09-10 05:30","2","0"
"2023-09-10 06:00","1","0"
"2023-09-10 06:30","2","0"
"2023-09-10 07:00","19","0"
"2023-09-10 07:30","30","1"
"2023-09-10 08:00","16","0"
"2023-09-10 08:30","4","0"
"2023-09-10 09:00","5","0"
"2023-09-10 09:30","2","0"
"2023-09-10 10:00","4","0"
"2023-09-10 10:30","6","0"
"2023-09-10 11:00","2","0"
"2023-09-10 11:30","0","0"
"2023-09-10 12:00","0","0"
"2023-09-10 12:30","0","0"
"2023-09-10 13:00","0","0"
"2023-09-10 13:30","0","0"
"2023-09-10 14:00","0","2"
"2023-09-10 14:30","0","0"
"2023-09-10 15:30","0","0"
"2023-09-10 16:00","0","0"
"2023-09-10 16:30","0","0"
"2023-09-10 17:00","0","0"
"2023-09-10 17:30","0","0"
"2023-09-10 18:00","0","0"
"2023-09-10 18:30","0","0"
"2023-09-10 19:00","0","0"
"2023-09-10 19:30","0","0"
"2023-09-10 20:00","0","0"
"2023-09-10 20:30","0","0"
"2023-09-10 21:00","0","0"
"2023-09-10 21:30","0","0"
"2023-09-10 22:00","0","0"
"2023-09-10 22:30","0","0"
"2023-09-10 23:00","0","0"
"2023-09-10 23:30","0","0"
"2023-09-11 00:00","0","0"
"2023-09-11 00:30","0","0"
"2023-09-11 01:00","0","0"
"2023-09-11 01:30","0","0"
"2023-09-11 02:00","0","0"
"2023-09-11 02:30","0","0"
"2023-09-11 03:00","0","0"
"2023-09-11 03:30","0","0"
"2023-09-11 04:00","0","0"
"2023-09-11 04:30","0","0"
"2023-09-11 05:00","0","0"
"2023-09-11 05:30","2","0"
"2023-09-11 06:00","0","0"
"2023-09-11 06:30","1","0"
"2023-09-11 07:00","5","0"
"2023-09-11 07:30","0","0"
"2023-09-11 08:00","3","0"
"2023-09-11 08:30","4","0"
"2023-09-11 09:00","0","0"
"2023-09-11 09:30","3","2"
"2023-09-11 10:00","2","0"
"2023-09-11 10:30","2","0"
"2023-09-11 11:00","0","0"
"2023-09-11 11:30","0","0"
"2023-09-11 12:00","0","0"
"2023-09-11 12:30","0","0"
"2023-09-11 13:00","2","0"
"2023-09-11 13:30","0","0"
"2023-09-11 14:00","0","0"
"2023-09-11 14:30","0","0"
"2023-09-11 15:00","0","0"
"2023-09-11 15:30","0","1"
"2023-09-11 16:00","0","0"
"2023-09-11 16:30","0","0"
"2023-09-11 17:00","3","0"
"2023-09-11 17:30","0","0"
"2023-09-11 18:00","0","0"
"2023-09-11 18:30","0","0"
"2023-09-11 19:00","0","2"
"2023-09-11 19:30","0","0"
"2023-09-11 20:00","0","0"
"2023-09-11 20:30","0","0"
"2023-09-11 21:00","0","0"
"2023-09-11 21:30","0","0"
"2023-09-11 22:00","0","0"
"2023-09-11 22:30","0","0"
"2023-09-11 23:00","0","0"
"2023-09-11 23:30","0","0"
"2023-09-12 00:00","0","0"
"2023-09-12 00:30","0","0"
"2023-09-12 01:00","0","0"
"2023-09-12 01:30","0","0"
"2023-09-12 02:00","0","0"
"2023-09-12 02:30","0","0"
"2023-09-12 03:00","0","0"
"2023-09-12 03:30","0","0"
"2023-09-12 04:00","0","0"
"2023-09-12 04:30","0","0"
"2023-09-12 05:00","0","0"
"2023-09-12 05:30","0","0"
"2023-09-12 06:00","0","0"
"2023-09-12 06:30","0","0"
"2023-09-12 07:00","5","0"
"2023-09-12 07:30","5","0"
"2023-09-12 08:00","4","0"
"2023-09-12 08:30","9","0"
"2023-09-12 09:00","0","0"
"2023-09-12 09:30","0","0"
"2023-09-12 10:30","0","0"
"2023-09-12 11:00","0","0"
"2023-09-12 11:30","0","0"
"2023-09-12 12:00","0","0"
"2023-09-12 12:30","0","0"
"2023-09-12 13:00","0","0"
"2023-09-12 13:30","0","0"
"2023-09-12 14:00","0","0"
"2023-09-12 14:30","0","0"
"2023-09-12 15:00","0","0"
"2023-09-12 15:30","0","0"
"2023-09-12 16:00","0","0"
"2023-09-12 16:30","1","0"
"2023-09-12 17:00","0","0"
"2023-09-12 17:30","0","0"
"2023-09-12 18:00","0","0"
"2023-09-12 18:30","0","0"
"2023-09-12 19:00","0","0"
"2023-09-12 19:30","0","0"
"2023-09-12 20:00","0","0"
"2023-09-12 20:30","0","0"
"2023-09-12 21:00","0","0"
"2023-09-12 21:30","0","0"
"2023-09-12 22:00","0","0"
"2023-09-12 22:30","0","0"
"2023-09-12 23:00","0","0"
"2023-09-12 23:30","0","0"
"2023-09-13 00:00","0","0"
"2023-09-13 00:30","0","0"
"2023-09-13 01:30","0","0"
"2023-09-13 02:00","0","0"
"2023-09-13 02:30","0","0"
"2023-09-13 03:00","0","0"
"2023-09-13 03:30","0","0"
"2023-09-13 04:00","0","0"
"2023-09-13 04:30","0","0"
"2023-09-13 05:00","0","0"
"2023-09-13 05:30","0","0"
"2023-09-13 06:00","0","0"
"2023-09-13 06:30","3","0"
"2023-09-13 07:00","0","0"
"2023-09-13 07:30","0","0"
"2023-09-13 08:00","1","0"
"2023-09-13 08:30","0","0"
"2023-09-13 09:00","0","0"
"2023-09-13 09:30","0","0"
"2023-09-13 10:00","0","0"
"2023-09-13 10:30","0","0"
"2023-09-13 11:00","0","0"
"2023-09-13 11:30","0","0"
"2023-09-13 12:00","0","0"
"2023-09-13 12:30","0","0"
"2023-09-13 13:00","0","0"
"2023-09-13 13:30","0","0"
"2023-09-13 14:00","0","0"
"2023-09-13 14:30","0","0"
"2023-09-13 15:00","0","0"
"2023-09-13 15:30","0","0"
"2023-09-13 16:00","0","0"
"2023-09-13 16:30","0","0"
"2023-09-13 17:00","0","0"
"2023-09-13 17:30","0","0"
"2023-09-13 18:00","0","0"
"2023-09-13 18:30","1","0"
"2023-09-13 19:00","0","0"
"2023-09-13 19:30","0","0"
"2023-09-13 20:00","0","0"
"2023-09-13 20:30","0","0"
"2023-09-13 21:00","0","0"
"2023-09-13 21:30","0","0"
"2023-09-13 22:00","0","0"
"2023-09-13 22:30","0","0"
"2023-09-13 23:00","0","0"
"2023-09-13 23:30","0","0"
"2023-09-14 00:00","0","0"
"2023-09-14 00:30","0","0"
"2023-09-14 01:00","0","0"
"2023-09-14 01:30","0","0"
"2023-09-14 02:00","0","0"
"2023-09-14 02:30","0","0"
"2023-09-14 03:00","0","0"
"2023-09-14 03:30","0","0"
"2023-09-14 04:00","0","0"
"2023-09-14 04:30","0","0"
"2023-09-14 05:00","0","0"
"2023-09-14 05:30","0","0"
"2023-09-14 06:00","0","0"
"2023-09-14 06:30","0","0"
"2023-09-14 08:00","0","0"
"2023-09-14 08:30","0","0"
"2023-09-14 09:00","0","0"
"2023-09-14 09:30","0","0"
"2023-09-14 10:00","0","0"
"2023-09-14 10:30","0","0"
"2023-09-14 11:00","0","0"
"2023-09-14 11:30","0","0"
"2023-09-14 12:00","0","0"
"2023-09-14 12:30","2","3"
"2023-09-14 13:00","0","0"
"2023-09-14 13:30","0","0"
"2023-09-14 14:00","0","0"
"2023-09-14 14:30","0","0"
"2023-09-14 15:00","0","0"
"2023-09-14 15:30","0","0"
"2023-09-14 16:00","0","0"
"2023-09-14 16:30","0","0"
"2023-09-14 17:00","0","0"
"2023-09-14 17:30","0","0"
"2023-09-14 18:00","0","0"
"2023-09-14 18:30","0","0"
"2023-09-14 19:00","0","0"
"2023-09-14 19:30","0","0"
"2023-09-14 20:00","0","0"
"2023-09-14 20:30","0","0"
"2023-09-14 21:00","0","0"
"2023-09-14 21:30","0","0"
"2023-09-14 22:00","0","0"
"2023-09-14 22:30","0","0"
"2023-09-14 23:00","0","0"
"2023-09-14 23:30","0","0"
"2023-09-15 00:00","0","0"
"2023-09-15 00:30","0","0"
"2023-09-15 01:00","0","0"
"2023-09-15 01:30","0","0"
"2023-09-15 02:00","0","0"
"2023-09-15 02:30","0","0"
"2023-09-15 03:00","0","0"
"2023-09-15 03:30","0","0"
"2023-09-15 04:00","0","0"
"2023-09-15 04:30","0","0"
"2023-09-15 05:00","0","0"
"2023-09-15 05:30","0","0"
"2023-09-15 06:00","0","0"
"2023-09-15 06:30","0","0"
"2023-09-15 07:00","0","0"
"2023-09-15 07:30","0","0"
"2023-09-15 08:00","2","0"
"2023-09-15 08:30","0","0"
"2023-09-15 09:00","0","0"
"2023-09-15 09:30","0","0"
"2023-09-15 10:00","0","0"
"2023-09-15 10:30","0","0"
"2023-09-15 11:00","0","0"
"2023-09-15 11:30","0","0"
"2023-09-15 12:00","0","0"
"2023-09-15 12:30","0","0"
"2023-09-15 13:00","0","0"
"2023-09-15 13:30","0","0"
"2023-09-15 14:00","0","0"
"2023-09-15 14:30","0","0"
"2023-09-15 15:00","0","0"
"2023-09-15 15:30","0","0"
"2023-09-15 16:00","0","0"
"2023-09-15 16:30","0","0"
"2023-09-15 17:00","0","0"
"2023-09-15 17:30","0","0"
"2023-09-15 18:00","0","0"
"2023-09-15 18:30","0","0"
"2023-09-15 19:00","0","0"
"2023-09-15 19:30","0","0"
"2023-09-15 20:00","0","0"
"2023-09-15 20:30","0","0"
"2023-09-15 21:00","0","0"
"2023-09-15 21:30","0","0"
"2023-09-15 22:00","0","0"
"2023-09-15 22:30","0","0"
"2023-09-15 23:00","0","0"
"2023-09-15 23:30","0","0"
"2023-09-16 00:00","0","0"
"2023-09-16 00:30","0","0"
"2023-09-16 01:00","0","0"
"2023-09-16 01:30","0","0"
"2023-09-16 02:00","0","0"
"2023-09-16 02:30","0","0"
"2023-09-16 03:00","0","0"
"2023-09-16 03:30","0","0"
"2023-09-16 04:00","0","0"
"2023-09-16 04:30","0","0"
"2023-09-16 05:30","0","0"
"2023-09-16 06:00","2","0"
"2023-09-16 06:30","6","0"
"2023-09-16 07:00","15","0"
"2023-09-16 07:30","0","0"
"2023-09-16 08:00","15","1"
"2023-09-16 08:30","0","0"
"2023-09-16 09:00","4","0"
"2023-09-16 09:30","3","3"
"2023-09-16 10:00","4","0"
"2023-09-16 10:30","1","0"
"2023-09-16 11:00","3","0"
"2023-09-16 11:30","2","0"
"2023-09-16 12:30","0","0"
"2023-09-16 13:00","0","0"
"2023-09-16 13:30","0","0"
"2023-09-16 14:00","0","0"
"2023-09-16 14:30","0","0"
"2023-09-16 15:00","0","0"
"2023-09-16 15:30","0","0"
"2023-09-16 16:00","0","0"
"2023-09-16 16:30","0","0"
"2023-09-16 17:00","0","0"
"2023-09-16 17:30","0","0"
"2023-09-16 18:00","0","0"
"2023-09-16 18:30","0","0"
"2023-09-16 19:30","0","0"
"2023-09-16 20:00","0","0"
"2023-09-16 20:30","0","0"
"2023-09-16 21:00","0","0"
"2023-09-16 21:30","0","0"
"2023-09-16 22:00","0","0"
"2023-09-16 22:30","0","0"
"2023-09-16 23:00","0","0"
"2023-09-16 23:30","0","0"
"2023-09-17 00:00","0","0"
"2023-09-17 00:30","0","0"
"2023-09-17 01:00","0","0"
"2023-09-17 01:30","0","0"
"2023-09-17 02:30","0","0"
"2023-09-17 03:00","0","0"
"2023-09-17 03:30","0","0"
"2023-09-17 04:00","3","0"
"2023-09-17 04:30","0","0"
"2023-09-17 05:00","0","0"
"2023-09-17 05:30","2","0"
"2023-09-17 06:00","2","0"
"2023-09-17 06:30","0","0"
"2023-09-17 07:00","3","0"
"2023-09-17 07:30","13","1"
"2023-09-17 08:00","19","0"
"2023-09-17 08:30","7","0"
"2023-09-17 09:00","9","0"
"2023-09-17 09:30","8","0"
"2023-09-17 10:00","4","0"
"2023-09-17 10:30","4","0"
"2023-09-17 11:00","3","0"
"2023-09-17 11:30","1","0"
"2023-09-17 12:00","0","0"
"2023-09-17 12:30","2","0"
"2023-09-17 13:00","0","0"
"2023-09-17 13:30","0","1"
"2023-09-17 14:00","0","0"
"2023-09-17 14:30","0","2"
"2023-09-17 15:00","0","0"
"2023-09-17 15:30","0","0"
"2023-09-17 16:00","0","0"
"2023-09-17 16:30","0","0"
"2023-09-17 17:00","0","0"
"2023-09-17 17:30","0","0"
"2023-09-17 18:00","0","0"
"2023-09-17 18:30","0","0"
"2023-09-17 19:00","0","0"
"2023-09-17 19:30","0","0"
"2023-09-17 20:00","0","0"
"2023-09-17 20:30","0","0"
"2023-09-17 21:00","0","0"
"2023-09-17 21:30","0","0"
"2023-09-17 22:00","0","0"
"2023-09-17 22:30","0","0"
"2023-09-17 23:00","0","0"
"2023-09-17 23:30","0","0"
"2023-09-18 00:00","0","0"
"2023-09-18 00:30","0","0"
"2023-09-18 01:00","0","0"
"2023-09-18 01:30","0","0"
"2023-09-18 02:00","0","0"
"2023-09-18 02:30","0","0"
"2023-09-18 03:00","0","0"
"2023-09-18 03:30","0","0"
"2023-09-18 04:00","0","0"
"2023-09-18 04:30","0","0"
"2023-09-18 05:00","0","0"
"2023-09-18 05:30","0","0"
"2023-09-18 06:00","0","0"
"2023-09-18 06:30","0","0"
"2023-09-18 07:00","0","0"
"2023-09-18 07:30","2","0"
"2023-09-18 08:00","0","0"
"2023-09-18 08:30","0","0"
"2023-09-18 09:00","0","0"
"2023-09-18 09:30","0","0"
"2023-09-18 10:00","0","0"
"2023-09-18 10:30","0","0"
"2023-09-18 11:00","0","0"
"2023-09-18 11:30","0","0"
"2023-09-18 12:00","0","0"
"2023-09-18 12:30","0","0"
"2023-09-18 13:00","0","0"
"2023-09-18 13:30","0","0"
"2023-09-18 14:00","0","0"
"2023-09-18 14:30","0","0"
"2023-09-18 15:00","0","0"
"2023-09-18 15:30","0","0"
"2023-09-18 16:00","0","0"
"2023-09-18 16:30","0","0"
"2023-09-18 17:00","0","0"
"2023-09-18 17:30","0","0"
"2023-09-18 18:00","0","0"
"2023-09-18 18:30","0","0"
"2023-09-18 19:00","0","0"
"2023-09-18 19:30","0","0"
"2023-09-18 20:00","0","0"
"2023-09-18 20:30","0","0"
"2023-09-18 21:00","0","0"
"2023-09-18 21:30","0","0"
"2023-09-18 22:00","0","0"
"2023-09-18 22:30","0","0"
"2023-09-18 23:00","0","0"
"2023-09-18 23:30","0","0"
"2023-09-19 00:00","0","0"
"2023-09-19 00:30","0","0"
"2023-09-19 01:00","0","0"
"2023-09-19 01:30","0","0"
"2023-09-19 02:00","0","0"
"2023-09-19 02:30","0","0"
"2023-09-19 03:00","0","0"
"2023-09-19 03:30","0","0"
"2023-09-19 04:00","0","0"
"2023-09-19 04:30","0","0"
"2023-09-19 05:00","0","0"
"2023-09-19 05:30","0","0"
"2023-09-19 06:00","0","0"
"2023-09-19 06:30","0","0"
"2023-09-19 07:00","0","0"
"2023-09-19 08:30","0","0"
"2023-09-19 09:00","0","0"
"2023-09-19 09:30","0","0"
"2023-09-19 10:00","0","0"
"2023-09-19 10:30","0","0"
"2023-09-19 11:00","0","0"
"2023-09-19 11:30","0","0"
"2023-09-19 12:00","0","0"
"2023-09-19 12:30","0","0"
"2023-09-19 13:00","0","0"
"2023-09-19 13:30","0","0"
"2023-09-19 14:00","0","0"
"2023-09-19 14:30","0","0"
"2023-09-19 15:00","0","0"
"2023-09-19 15:30","0","0"
"2023-09-19 16:00","0","0"
"2023-09-19 16:30","0","0"
"2023-09-19 17:00","0","0"
"2023-09-19 17:30","0","0"
"2023-09-19 18:00","0","0"
"2023-09-19 18:30","0","0"
"2023-09-19 19:00","0","0"
"2023-09-19 19:30","0","0"
"2023-09-19 20:00","0","0"
"2023-09-19 20:30","0","0"
"2023-09-19 21:00","0","0"
"2023-09-19 21:30","0","0"
"2023-09-19 22:00","0","0"
"2023-09-19 22:30","0","0"
"2023-09-19 23:00","0","0"
"2023-09-19 23:30","0","0"
"2023-09-20 00:00","0","0"
"2023-09-20 00:30","0","0"
"2023-09-20 01:00","0","0"
"2023-09-20 01:30","0","0"
"2023-09-20 02:00","0","0"
"2023-09-20 02:30","0","0"
"2023-09-20 03:00","0","0"
"2023-09-20 03:30","0","0"
"2023-09-20 04:00","0","0"
"2023-09-20 04:30","0","0"
"2023-09-20 05:00","0","0"
"2023-09-20 05:30","0","0"
"2023-09-20 06:00","0","0"
"2023-09-20 06:30","0","0"
"2023-09-20 07:00","0","0"
"2023-09-20 07:30","2","0"
"2023-09-20 08:00","3","0"
"2023-09-20 08:30","1","0"
"2023-09-20 09:00","1","0"
"2023-09-20 09:30","0","0"
"2023-09-20 10:00","3","0"
"2023-09-20 10:30","0","0"
"2023-09-20 11:00","2","0"
"2023-09-20 11:30","0","0"
"2023-09-20 12:00","0","0"
"2023-09-20 12:30","0","0"
"2023-09-20 13:00","0","0"
"2023-09-20 13:30","0","0"
"2023-09-20 14:00","0","0"
"2023-09-20 14:30","0","0"
"2023-09-20 15:00","0","0"
"2023-09-20 15:30","0","0"
"2023-09-20 16:30","0","0"
"2023-09-20 17:00","0","0"
"2023-09-20 17:30","0","0"
"2023-09-20 18:00","0","0"
"2023-09-20 18:30","0","0"
"2023-09-20 19:00","0","0"
"2023-09-20 19:30","0","0"
"2023-09-20 20:00","0","0"
"2023-09-20 20:30","0","0"
"2023-09-20 21:00","0","0"
"2023-09-20 21:30","0","0"
"2023-09-20 22:00","0","0"
"2023-09-20 22:30","0","0"
"2023-09-20 23:00","0","0"
"2023-09-20 23:30","0","0"
"2023-09-21 00:00","0","0"
"2023-09-21 00:30","0","0"
"2023-09-21 01:00","0","0"
"2023-09-21 01:30","0","0"
"2023-09-21 02:00","0","0"
"2023-09-21 02:30","0","0"
"2023-09-21 03:00","0","0"
"2023-09-21 03:30","0","0"
"2023-09-21 04:00","0","0"
"2023-09-21 04:30","0","0"
"2023-09-21 05:00","0","0"
"2023-09-21 05:30","0","0"
"2023-09-21 06:00","0","0"
"2023-09-21 06:30","0","0"
"2023-09-21 07:00","0","0"
"2023-09-21 07:30","0","0"
"2023-09-21 08:00","0","0"
"2023-09-21 08:30","0","0"
"2023-09-21 09:00","0","0"
"2023-09-21 09:30","0","0"
"2023-09-21 10:00","0","0"
"2023-09-21 10:30","0","0"
"2023-09-21 11:00","0","0"
"2023-09-21 11:30","0","0"
"2023-09-21 12:00","0","0"
"2023-09-21 12:30","0","0"
"2023-09-21 13:00","0","0"
"2023-09-21 13:30","0","0"
"2023-09-21 14:30","0","0"
"2023-09-21 15:00","0","0"
"2023-09-21 15:30","0","0"
"2023-09-21 16:00","0","0"
"2023-09-21 16:30","0","0"
"2023-09-21 17:00","0","0"
"2023-09-21 17:30","0","0"
"2023-09-21 18:00","0","0"
"2023-09-21 18:30","0","0"
"2023-09-21 19:00","0","0"
"2023-09-21 19:30","0","0"
"2023-09-21 20:00","0","0"
"2023-09-21 20:30","0","0"
"2023-09-21 21:00","0","0"
"2023-09-21 21:30","0","0"
"2023-09-21 22:00","0","0"
"2023-09-21 22:30","0","0"
"2023-09-21 23:00","0","0"
"2023-09-21 23:30","0","0"
"2023-09-22 00:00","0","0"
"2023-09-22 00:30","0","0"
"2023-09-22 01:00","0","0"
"2023-09-22 01:30","0","0"
"2023-09-22 02:00","0","0"
"2023-09-22 02:30","0","0"
"2023-09-22 03:00","0","0"
"2023-09-22 03:30","0","0"
"2023-09-22 04:00","0","0"
"2023-09-22 04:30","0","0"
"2023-09-22 05:00","0","0"
"2023-09-22 05:30","0","0"
"2023-09-22 06:00","0","0"
"2023-09-22 06:30","0","0"
"2023-09-22 07:00","0","0"
"2023-09-22 07:30","0","0"
"2023-09-22 08:00","0","0"
"2023-09-22 08:30","0","0"
"2023-09-22 09:00","0","0"
"2023-09-22 09:30","0","0"
"2023-09-22 10:00","0","0"
"2023-09-22 10:30","0","0"
"2023-09-22 11:00","0","0"
"2023-09-22 11:30","0","0"
"2023-09-22 12:00","0","0"
"2023-09-22 12:30","0","0"
"2023-09-22 13:00","0","0"
"2023-09-22 14:00","0","0"
"2023-09-22 14:30","0","0"
"2023-09-22 15:30","0","0"
"2023-09-22 16:00","0","0"
"2023-09-22 16:30","0","0"
"2023-09-22 17:00","0","0"
"2023-09-22 17:30","0","0"
"2023-09-22 18:00","0","0"
"2023-09-22 18:30","0","0"
"2023-09-22 19:00","0","0"
"2023-09-22 19:30","0","0"
"2023-09-22 20:00","0","0"
"2023-09-22 20:30","0","0"
"2023-09-22 21:00","0","0"
"2023-09-22 21:30","0","0"
"2023-09-22 22:00","0","0"
"2023-09-22 22:30","0","0"
"2023-09-22 23:00","0","0"
"2023-09-22 23:30","0","0"
"2023-09-23 00:00","0","0"
"2023-09-23 00:30","0","0"
"2023-09-23 01:00","0","0"
"2023-09-23 01:30","0","0"
"2023-09-23 02:00","0","0"
"2023-09-23 02:30","0","0"
"2023-09-23 03:00","0","0"
"2023-09-23 04:00","0","0"
"2023-09-23 04:30","0","0"
"2023-09-23 05:00","0","0"
"2023-09-23 05:30","0","0"
"2023-09-23 06:00","0","0"
"2023-09-23 06:30","0","0"
"2023-09-23 07:00","0","0"
"2023-09-23 08:00","0","0"
"2023-09-23 08:30","0","0"
"2023-09-23 09:00","0","0"
"2023-09-23 09:30","0","0"
"2023-09-23 10:00","0","0"
"2023-09-23 10:30","0","0"
"2023-09-23 11:00","0","0"
"2023-09-23 11:30","0","0"
"2023-09-23 12:00","0","0"
"2023-09-23 12:30","0","0"
"2023-09-23 13:00","0","0"
"2023-09-23 14:00","0","0"
"2023-09-23 14:30","0","0"
"2023-09-23 15:00","0","0"
"2023-09-23 15:30","0","0"
"2023-09-23 16:00","0","0"
"2023-09-23 16:30","0","0"
"2023-09-23 17:00","0","0"
"2023-09-23 17:30","0","0"
"2023-09-23 18:00","0","0"
"2023-09-23 18:30","0","0"
"2023-09-23 19:00","0","0"
"2023-09-23 19:30","0","0"
"2023-09-23 20:00","0","0"
"2023-09-23 20:30","0","0"
"2023-09-23 21:00","0","0"
"2023-09-23 21:30","0","0"
"2023-09-23 22:30","0","0"
"2023-09-23 23:00","0","0"
"2023-09-24 00:00","0","0"
"2023-09-24 00:30","0","0"
"2023-09-24 01:00","0","0"
"2023-09-24 01:30","0","0"
"2023-09-24 02:30","0","0"
"2023-09-24 03:00","0","0"
"2023-09-24 03:30","0","0"
"2023-09-24 04:00","0","0"
"2023-09-24 04:30","0","0"
"2023-09-24 05:00","0","0"
"2023-09-24 05:30","0","0"
"2023-09-24 06:00","0","0"
"2023-09-24 06:30","0","0"
"2023-09-24 07:00","1","0"
"2023-09-24 07:30","2","0"
"2023-09-24 08:00","4","0"
"2023-09-24 08:30","0","4"
"2023-09-24 09:00","0","0"
"2023-09-24 09:30","0","0"
"2023-09-24 10:00","0","0"
"2023-09-24 10:30","2","0"
"2023-09-24 11:00","0","0"
"2023-09-24 11:30","0","0"
"2023-09-24 12:00","0","0"
"2023-09-24 12:30","0","0"
"2023-09-24 13:00","0","0"
"2023-09-24 13:30","0","0"
"2023-09-24 14:00","0","0"
"2023-09-24 14:30","0","0"
"2023-09-24 15:00","0","2"
"2023-09-24 15:30","0","0"
"2023-09-24 16:00","0","0"
"2023-09-24 16:30","0","0"
"2023-09-24 17:00","0","0"
"2023-09-24 17:30","0","0"
"2023-09-24 18:00","0","0"
"2023-09-24 18:30","0","0"
"2023-09-24 19:30","0","0"
"2023-09-24 20:00","0","0"
"2023-09-24 20:30","0","0"
"2023-09-24 21:00","0","0"
"2023-09-24 21:30","0","0"
"2023-09-24 22:30","0","0"
"2023-09-24 23:00","0","0"
"2023-09-24 23:30","0","0"
"2023-09-25 00:00","0","0"
"2023-09-25 00:30","0","0"
"2023-09-25 01:00","0","0"
"2023-09-25 01:30","0","0"
"2023-09-25 02:00","0","0"
"2023-09-25 02:30","0","0"
"2023-09-25 03:00","0","0"
"2023-09-25 03:30","0","0"
"2023-09-25 04:00","0","0"
"2023-09-25 04:30","0","0"
"2023-09-25 05:00","1","0"
"2023-09-25 05:30","0","0"
"2023-09-25 06:00","0","0"
"2023-09-25 07:00","0","0"
"2023-09-25 07:30","0","0"
"2023-09-25 08:00","0","0"
"2023-09-25 08:30","0","0"
"2023-09-25 09:00","0","0"
"2023-09-25 09:30","0","0"
"2023-09-25 10:00","0","0"
"2023-09-25 10:30","0","0"
"2023-09-25 11:30","0","0"
"2023-09-25 12:00","0","0"
"2023-09-25 12:30","0","0"
"2023-09-25 13:00","0","0"
"2023-09-25 13:30","0","0"
"2023-09-25 14:00","0","0"
"2023-09-25 14:30","0","0"
"2023-09-25 15:00","0","0"
"2023-09-25 15:30","0","0"
"2023-09-25 16:00","0","0"
"2023-09-25 16:30","0","0"
"2023-09-25 17:00","0","0"
"2023-09-25 17:30","2","1"
"2023-09-25 18:30","0","0"
"2023-09-25 19:30","0","2"
"2023-09-25 20:00","0","0"
"2023-09-25 20:30","0","0"
"2023-09-25 21:00","0","0"
"2023-09-25 21:30","0","0"
"2023-09-25 22:00","0","0"
"2023-09-25 22:30","0","0"
"2023-09-25 23:00","0","0"
"2023-09-25 23:30","0","0"
"2023-09-26 00:00","0","0"
"2023-09-26 00:30","0","0"
"2023-09-26 01:00","0","0"
"2023-09-26 01:30","0","0"
"2023-09-26 02:00","0","0"
"2023-09-26 02:30","0","0"
"2023-09-26 03:00","0","0"
"2023-09-26 03:30","0","0"
"2023-09-26 04:00","0","0"
"2023-09-26 04:30","0","0"
"2023-09-26 05:00","0","0"
"2023-09-26 05:30","0","0"
"2023-09-26 06:00","0","0"
"2023-09-26 06:30","0","0"
"2023-09-26 07:00","0","0"
"2023-09-26 07:30","0","0"
"2023-09-26 08:00","0","0"
"2023-09-26 08:30","0","0"
"2023-09-26 09:00","3","0"
"2023-09-26 09:30","1","0"
"2023-09-26 10:00","1","1"
"2023-09-26 10:30","0","0"
"2023-09-26 11:00","0","0"
"2023-09-26 11:30","0","0"
"2023-09-26 12:00","0","0"
"2023-09-26 12:30","0","1"
"2023-09-26 13:00","0","0"
"2023-09-26 13:30","0","0"
"2023-09-26 14:00","0","0"
"2023-09-26 15:00","0","1"
"2023-09-26 15:30","0","0"
"2023-09-26 16:00","1","0"
"2023-09-26 16:30","0","0"
"2023-09-26 17:00","0","0"
"2023-09-26 18:00","0","0"
"2023-09-26 18:30","0","0"
"2023-09-26 19:00","0","0"
"2023-09-26 19:30","0","0"
"2023-09-26 21:30","0","0"
"2023-09-26 22:00","0","0"
"2023-09-26 22:30","0","0"
"2023-09-26 23:00","0","0"
"2023-09-26 23:30","0","0"
"2023-09-27 00:00","0","0"
"2023-09-27 00:30","0","0"
"2023-09-27 01:00","0","0"
"2023-09-27 01:30","0","0"
"2023-09-27 02:00","0","0"
"2023-09-27 02:30","0","0"
"2023-09-27 03:00","0","0"
"2023-09-27 03:30","0","0"
"2023-09-27 04:00","0","0"
"2023-09-27 04:30","0","0"
"2023-09-27 05:00","0","0"
"2023-09-27 05:30","0","0"
"2023-09-27 06:00","0","0"
"2023-09-27 06:30","0","0"
"2023-09-27 07:30","14","0"
"2023-09-27 08:00","3","0"
"2023-09-27 08:30","0","0"
"2023-09-27 09:00","3","0"
"2023-09-27 09:30","2","0"
"2023-09-27 10:00","0","0"
"2023-09-27 11:00","0","0"
"2023-09-27 11:30","0","0"
"2023-09-27 12:00","0","0"
"2023-09-27 12:30","0","0"
"2023-09-27 13:00","0","0"
"2023-09-27 13:30","0","0"
"2023-09-27 14:00","1","0"
"2023-09-27 14:30","0","0"
"2023-09-27 15:00","0","0"
"2023-09-27 15:30","0","0"
"2023-09-27 16:00","0","0"
"2023-09-27 16:30","0","0"
"2023-09-27 17:00","0","0"
"2023-09-27 17:30","0","0"
"2023-09-27 18:00","0","0"
"2023-09-27 18:30","0","0"
"2023-09-27 19:00","0","0"
"2023-09-27 19:30","0","0"
"2023-09-27 20:00","0","0"
"2023-09-27 20:30","0","0"
"2023-09-27 21:00","0","0"
"2023-09-27 21:30","0","0"
"2023-09-27 22:00","0","0"
"2023-09-27 22:30","0","0"
"2023-09-27 23:00","0","0"
"2023-09-27 23:30","0","0"
"2023-09-28 00:00","0","0"
"2023-09-28 00:30","0","0"
"2023-09-28 01:00","0","0"
"2023-09-28 01:30","0","0"
"2023-09-28 02:00","0","0"
"2023-09-28 02:30","0","0"
"2023-09-28 03:00","0","0"
"2023-09-28 03:30","0","0"
"2023-09-28 04:00","0","0"
"2023-09-28 04:30","0","0"
"2023-09-28 05:30","0","0"
"2023-09-28 06:00","0","0"
"2023-09-28 06:30","1","1"
"2023-09-28 07:00","0","0"
"2023-09-28 07:30","5","0"
"2023-09-28 08:00","2","0"
"2023-09-28 08:30","0","0"
"2023-09-28 09:00","0","0"
"2023-09-28 09:30","3","0"
"2023-09-28 10:00","2","0"
"2023-09-28 10:30","0","0"
"2023-09-28 11:00","0","0"
"2023-09-28 12:00","0","0"
"2023-09-28 12:30","0","0"
"2023-09-28 13:00","0","0"
"2023-09-28 13:30","0","0"
"2023-09-28 14:00","1","0"
"2023-09-28 14:30","0","0"
"2023-09-28 15:00","0","0"
"2023-09-28 15:30","0","0"
"2023-09-28 16:00","0","0"
"2023-09-28 16:30","1","0"
"2023-09-28 17:00","0","0"
"2023-09-28 17:30","0","0"
"2023-09-28 18:00","0","0"
"2023-09-28 18:30","0","0"
"2023-09-28 19:00","0","0"
"2023-09-28 19:30","0","0"
"2023-09-28 20:00","0","0"
"2023-09-28 21:00","0","0"
"2023-09-28 21:30","0","0"
"2023-09-28 22:00","0","0"
"2023-09-28 22:30","0","0"
"2023-09-28 23:00","0","0"
"2023-09-28 23:30","0","0"
"2023-09-29 00:00","0","0"
"2023-09-29 00:30","0","0"
"2023-09-29 01:00","0","0"
"2023-09-29 01:30","0","0"
"2023-09-29 02:30","0","0"
"2023-09-29 03:00","0","0"
"2023-09-29 03:30","0","0"
"2023-09-29 04:00","0","0"
"2023-09-29 04:30","0","0"
"2023-09-29 05:00","0","0"
"2023-09-29 05:30","0","0"
"2023-09-29 06:30","0","0"
"2023-09-29 07:00","4","0"
"2023-09-29 07:30","2","0"
"2023-09-29 08:00","10","1"
"2023-09-29 08:30","2","0"
"2023-09-29 09:00","1","0"
"2023-09-29 09:30","0","0"
"2023-09-29 10:00","0","0"
"2023-09-29 10:30","1","0"
"2023-09-29 11:00","0","0"
"2023-09-29 11:30","0","0"
"2023-09-29 12:00","0","0"
"2023-09-29 12:30","0","0"
"2023-09-29 13:00","0","0"
"2023-09-29 13:30","0","0"
"2023-09-29 14:00","0","0"
"2023-09-29 14:30","0","0"
"2023-09-29 15:00","0","0"
"2023-09-29 15:30","0","0"
"2023-09-29 16:00","0","0"
"2023-09-29 16:30","0","0"
"2023-09-29 17:00","0","0"
"2023-09-29 17:30","4","0"
"2023-09-29 18:00","0","0"
"2023-09-29 18:30","0","0"
"2023-09-29 19:00","0","0"
"2023-09-29 19:30","0","0"
"2023-09-29 20:00","0","3"
"2023-09-29 21:00","0","0"
"2023-09-29 21:30","0","0"
"2023-09-29 22:00","0","0"
"2023-09-29 22:30","0","0"
"2023-09-29 23:00","0","0"
"2023-09-29 23:30","0","0"
"2023-09-30 00:00","0","0"
