"DAN","DR�AVA","SLOVENIJA Preno�itve turistov","Pomurska Preno�itve turistov","Podravska Preno�itve turistov","Koro�ka Preno�itve turistov","Savinjska Preno�itve turistov","Zasavska Preno�itve turistov","Posavska Preno�itve turistov","Jugovzhodna Slovenija Preno�itve turistov","Osrednjeslovenska Preno�itve turistov","Gorenjska Preno�itve turistov","Primorsko-notranjska Preno�itve turistov","Gori�ka Preno�itve turistov","Obalno-kra�ka Preno�itve turistov"
"nedelja, 01. januar 2023","Dr�ava - SKUPAJ",45561,3059,2613,659,6154,41,2904,1140,8443,11997,348,2044,6159
"ponedeljek, 02. januar 2023","Dr�ava - SKUPAJ",33171,1868,2409,407,5077,9,2090,669,6452,9430,273,1155,3332
"torek, 03. januar 2023","Dr�ava - SKUPAJ",37468,2254,2952,744,6012,23,2270,938,6432,10761,329,1222,3531
"sreda, 04. januar 2023","Dr�ava - SKUPAJ",38702,2312,3265,802,6186,26,2325,1096,6437,11425,265,1148,3415
"�etrtek, 05. januar 2023","Dr�ava - SKUPAJ",38869,2290,3392,788,6168,22,2179,1129,6544,11485,230,1331,3311
"petek, 06. januar 2023","Dr�ava - SKUPAJ",42723,2644,3432,530,6776,20,2496,1065,8274,11957,354,1477,3698
"sobota, 07. januar 2023","Dr�ava - SKUPAJ",34328,2326,2643,481,5424,6,2011,959,6470,9552,221,1215,3020
"nedelja, 08. januar 2023","Dr�ava - SKUPAJ",13491,972,1170,205,2571,1,576,581,2308,3671,57,406,973
"ponedeljek,
09. januar 2023","Dr�ava - SKUPAJ",17919,1315,1782,768,3358,48,701,942,2513,4535,121,469,1367
"torek, 10. januar 2023","Dr�ava - SKUPAJ",19594,1430,2044,782,3394,67,825,993,2749,5178,139,500,1493
"sreda, 11. januar 2023","Dr�ava - SKUPAJ",19847,1394,2114,817,3412,65,816,905,2859,5434,140,488,1403
"�etrtek, 12. januar 2023","Dr�ava - SKUPAJ",20826,1313,2238,835,3531,66,857,915,3072,5732,138,636,1493
"petek, 13. januar 2023","Dr�ava - SKUPAJ",25260,2046,2026,544,4853,65,1478,838,4063,6360,131,778,2078
"sobota, 14. januar 2023","Dr�ava - SKUPAJ",26876,2129,1880,510,4866,55,1625,904,4427,6891,178,950,2461
"nedelja, 15. januar 2023","Dr�ava - SKUPAJ",15050,888,1285,408,3079,16,628,668,2816,3512,71,630,1049
"ponedeljek, 16. januar 2023","Dr�ava - SKUPAJ",18740,1356,1840,764,3851,47,713,1039,2790,4493,117,525,1205
"torek, 17. januar 2023","Dr�ava - SKUPAJ",19224,1398,1930,775,3840,53,794,1032,3003,4545,129,507,1218
"sreda, 18.
januar 2023","Dr�ava - SKUPAJ",19188,1326,1888,757,3694,50,856,1017,3033,4704,130,530,1203
"�etrtek, 19. januar 2023","Dr�ava - SKUPAJ",19786,1298,1906,718,3665,60,823,1075,3068,5037,153,626,1357
"petek, 20. januar 2023","Dr�ava - SKUPAJ",25206,1913,2011,448,4838,79,1645,894,3240,6494,132,1068,2444
"sobota, 21. januar 2023","Dr�ava - SKUPAJ",27910,2037,2136,522,5046,54,1810,742,3348,7783,128,1269,3035
"nedelja, 22. januar 2023","Dr�ava - SKUPAJ",14782,1067,1298,201,3016,10,549,591,2028,3797,49,923,1253
"ponedeljek, 23. januar 2023","Dr�ava - SKUPAJ",19851,1432,1983,775,3993,15,694,961,2671,5182,62,827,1256
"torek, 24. januar 2023","Dr�ava - SKUPAJ",20866,1518,2097,764,4127,10,784,977,2883,5299,98,895,1414
"sreda, 25. januar 2023","Dr�ava - SKUPAJ",21287,1474,2075,759,4157,59,841,960,2790,5897,82,859,1334
"�etrtek, 26. januar 2023","Dr�ava - SKUPAJ",21721,1358,2193,769,4115,57,834,927,2745,6097,167,951,1508
"petek, 27.
januar 2023","Dr�ava - SKUPAJ",25128,1802,2330,498,4738,16,1290,796,3225,7274,162,873,2124
"sobota, 28. januar 2023","Dr�ava - SKUPAJ",30438,2081,2710,738,5353,7,1588,844,3660,9042,191,1330,2894
"nedelja, 29. januar 2023","Dr�ava - SKUPAJ",19217,1266,1444,654,3448,6,892,633,2512,5836,66,717,1743
"ponedeljek, 30. januar 2023","Dr�ava - SKUPAJ",23738,1593,1932,867,4141,49,984,994,3177,6800,131,1106,1964
"torek, 31. januar 2023","Dr�ava - SKUPAJ",23612,1564,1975,866,3897,49,915,998,3603,6626,135,1045,1939
"sreda, 01. februar 2023","Dr�ava - SKUPAJ",24016,1762,2031,876,4023,50,924,974,3461,6530,129,1025,2231
"�etrtek, 02. februar 2023","Dr�ava - SKUPAJ",24814,1893,2192,868,4069,69,987,958,3167,7032,150,1066,2363
"petek, 03. februar 2023","Dr�ava - SKUPAJ",26546,2222,2255,768,4724,20,1324,775,3026,7716,90,894,2732
"sobota, 04. februar 2023","Dr�ava - SKUPAJ",30684,2411,2794,768,5369,19,1638,810,3459,8917,110,1239,3150
"nedelja,
05. februar 2023","Dr�ava - SKUPAJ",21723,1824,1718,631,4282,1,1077,760,2062,6437,42,782,2107
"ponedeljek, 06. februar 2023","Dr�ava - SKUPAJ",28118,2568,2419,957,5076,68,1449,1070,2354,8187,142,1123,2705
"torek, 07. februar 2023","Dr�ava - SKUPAJ",27951,2517,2406,907,5109,62,1410,1001,2456,8167,156,1089,2671
"sreda, 08. februar 2023","Dr�ava - SKUPAJ",27738,2380,2450,825,5066,67,1414,933,2589,7911,142,1148,2813
"�etrtek, 09. februar 2023","Dr�ava - SKUPAJ",30235,2445,2647,866,5200,62,1523,1085,3225,8770,192,1257,2963
"petek, 10. februar 2023","Dr�ava - SKUPAJ",33023,2621,3025,706,6018,10,2125,914,4265,8947,182,1011,3199
"sobota, 11. februar 2023","Dr�ava - SKUPAJ",33437,2444,3045,650,5783,2,1991,949,4664,8818,205,1341,3545
"nedelja, 12. februar 2023","Dr�ava - SKUPAJ",18798,1440,1584,311,3432,1,812,670,2967,4938,58,724,1861
"ponedeljek, 13.
februar 2023","Dr�ava - SKUPAJ",25433,2126,2419,707,4685,40,911,981,3315,6553,122,1226,2348
"torek, 14. februar 2023","Dr�ava - SKUPAJ",27304,2314,2417,708,4806,45,947,1026,3912,7147,164,1299,2519
"sreda, 15. februar 2023","Dr�ava - SKUPAJ",29608,2319,2697,778,5033,47,1428,1072,4452,7858,131,1201,2592
"�etrtek, 16. februar 2023","Dr�ava - SKUPAJ",30164,2155,2882,777,4812,37,1613,1080,4597,8116,136,1267,2692
"petek, 17. februar 2023","Dr�ava - SKUPAJ",35158,2817,3632,643,5736,39,2002,901,5243,9072,180,1361,3532
"sobota, 18. februar 2023","Dr�ava - SKUPAJ",39727,3029,4503,709,6403,52,2274,957,5564,10272,328,1689,3947
"nedelja, 19. februar 2023","Dr�ava - SKUPAJ",25612,1701,2546,479,4773,5,1548,788,3484,6567,135,1092,2494
"ponedeljek, 20. februar 2023","Dr�ava - SKUPAJ",31460,2176,3148,893,5696,67,1756,1117,4203,8027,203,1317,2857
"torek, 21. februar 2023","Dr�ava - SKUPAJ",30528,2201,3063,944,5397,70,1498,1116,4094,7954,245,1258,2688
"sreda,
22. februar 2023","Dr�ava - SKUPAJ",30135,2085,2930,851,5431,59,1451,1151,4086,8159,177,1223,2532
"�etrtek, 23. februar 2023","Dr�ava - SKUPAJ",31445,2150,3072,943,5630,59,1516,1141,4135,8511,192,1252,2844
"petek, 24. februar 2023","Dr�ava - SKUPAJ",35357,2941,2912,640,6306,25,2032,1028,5314,8606,323,1313,3917
"sobota, 25. februar 2023","Dr�ava - SKUPAJ",34229,2894,2863,600,6097,36,1969,999,5009,8119,304,1442,3897
"nedelja, 26. februar 2023","Dr�ava - SKUPAJ",17062,1437,1360,322,3093,2,741,733,2676,4010,83,619,1986
"ponedeljek, 27. februar 2023","Dr�ava - SKUPAJ",21083,1719,1972,820,3611,62,739,1108,3116,4525,163,801,2447
"torek, 28. februar 2023","Dr�ava - SKUPAJ",20470,1664,1886,808,3353,71,705,1148,3136,4559,166,798,2176
"sreda, 01. marec 2023","Dr�ava - SKUPAJ",21184,1681,1819,842,3377,80,632,1145,3308,4803,131,838,2528
"�etrtek, 02. marec 2023","Dr�ava - SKUPAJ",23526,1786,2073,882,3677,82,744,1157,3855,5307,155,958,2850
"petek, 03. marec 2023","Dr�ava - SKUPAJ",29486,2485,2238,466,5133,20,1333,959,4369,6893,177,1118,4295
"sobota, 04. marec 2023","Dr�ava - SKUPAJ",32582,2593,2388,472,5566,38,1568,927,4766,7619,141,1422,5082
"nedelja, 05. marec 2023","Dr�ava - SKUPAJ",15376,1378,981,201,3133,20,652,682,2652,2612,54,829,2182
"ponedeljek, 06. marec 2023","Dr�ava - SKUPAJ",19388,1994,1640,462,3329,80,779,1069,3185,3269,137,900,2544
"torek, 07. marec 2023","Dr�ava - SKUPAJ",20390,2043,1900,466,3535,79,756,1119,3425,3334,186,898,2649
"sreda, 08. marec 2023","Dr�ava - SKUPAJ",20272,2143,1832,454,3437,71,683,1084,3503,3564,159,869,2473
"�etrtek, 09. marec 2023","Dr�ava - SKUPAJ",22100,2227,1825,480,3534,71,896,1135,3699,3696,212,1049,3276
"petek, 10. marec 2023","Dr�ava - SKUPAJ",28625,2745,1937,347,4927,93,1383,1068,4567,5334,364,1088,4772
"sobota, 11. marec 2023","Dr�ava - SKUPAJ",32117,2753,2064,438,5206,85,1466,1085,4926,6226,460,1424,5984
"nedelja, 12.
marec 2023","Dr�ava - SKUPAJ",16193,1585,1136,269,2900,19,753,770,2582,2603,231,534,2811
"ponedeljek, 13. marec 2023","Dr�ava - SKUPAJ",20183,2082,1588,393,3510,47,763,1169,3195,3354,229,731,3122
"torek, 14. marec 2023","Dr�ava - SKUPAJ",20959,2157,1770,397,3509,50,818,1210,3557,3158,281,858,3194
"sreda, 15. marec 2023","Dr�ava - SKUPAJ",21555,2247,1845,405,3363,64,843,1139,3871,3350,161,898,3369
"�etrtek, 16. marec 2023","Dr�ava - SKUPAJ",23214,1975,1842,390,3576,61,977,1162,3888,3908,197,1065,4173
"petek, 17. marec 2023","Dr�ava - SKUPAJ",29171,2699,1992,210,4996,58,1611,960,4886,5007,183,1130,5439
"sobota, 18. marec 2023","Dr�ava - SKUPAJ",32144,2809,2167,195,5461,61,1587,1083,5420,5272,268,1412,6409
"nedelja, 19. marec 2023","Dr�ava - SKUPAJ",15113,1708,1127,100,2460,19,725,816,2896,1667,65,680,2850
"ponedeljek, 20. marec 2023","Dr�ava - SKUPAJ",19536,2185,1485,307,3050,64,806,1148,3851,2182,144,767,3547
"torek, 21.
marec 2023","Dr�ava - SKUPAJ",20383,2343,1635,351,3186,67,800,1212,3857,2164,165,753,3850
"sreda, 22. marec 2023","Dr�ava - SKUPAJ",20445,2228,1521,357,3138,76,770,1099,3926,2265,182,871,4012
"�etrtek, 23. marec 2023","Dr�ava - SKUPAJ",21504,2158,1465,302,3238,68,855,1181,3851,2766,224,930,4466
"petek, 24. marec 2023","Dr�ava - SKUPAJ",27430,2707,1679,162,4550,69,1558,1106,4838,3287,235,1309,5930
"sobota, 25. marec 2023","Dr�ava - SKUPAJ",29080,2738,1636,142,4600,37,1720,1167,5509,3698,358,1557,5918
"nedelja, 26. marec 2023","Dr�ava - SKUPAJ",15181,1532,1098,62,2405,26,624,843,3185,1462,83,641,3220
"ponedeljek, 27. marec 2023","Dr�ava - SKUPAJ",19867,1965,1284,237,2992,103,595,1137,3993,1924,290,772,4575
"torek, 28. marec 2023","Dr�ava - SKUPAJ",20840,2003,1415,271,2972,103,649,1195,4233,2033,344,901,4721
"sreda, 29. marec 2023","Dr�ava - SKUPAJ",21986,1866,1330,269,2930,102,649,1207,4621,3186,320,945,4561
"�etrtek, 30.
marec 2023","Dr�ava - SKUPAJ",24650,1901,1381,296,3090,102,700,1282,4730,5042,356,1124,4646
"petek, 31. marec 2023","Dr�ava - SKUPAJ",31632,2207,1752,123,3942,85,1096,1192,5916,7818,243,1400,5858
"sobota, 01. april 2023","Dr�ava - SKUPAJ",34406,2467,1866,124,4184,85,1387,1050,5428,8517,399,1599,7300
"nedelja, 02. april 2023","Dr�ava - SKUPAJ",18089,1585,812,82,1862,26,493,820,3135,3254,110,792,5118
"ponedeljek, 03. april 2023","Dr�ava - SKUPAJ",23339,2153,1393,207,2365,81,558,1245,4338,3087,323,1233,6356
"torek, 04. april 2023","Dr�ava - SKUPAJ",25060,2176,1533,246,2564,87,627,1316,4904,3222,335,1287,6763
"sreda, 05. april 2023","Dr�ava - SKUPAJ",26613,2042,1636,249,2530,80,668,1293,5183,4224,372,1471,6865
"�etrtek, 06. april 2023","Dr�ava - SKUPAJ",33631,2123,1987,219,2903,83,894,1264,6788,6581,507,1820,8462
"petek, 07. april 2023","Dr�ava - SKUPAJ",47477,3111,2354,125,3913,46,1812,1019,9589,10586,796,2545,11581
"sobota, 08. april 2023","Dr�ava - SKUPAJ",54142,3627,2332,162,4850,46,2689,1090,10549,11620,863,3125,13189
"nedelja, 09. april 2023","Dr�ava - SKUPAJ",46747,3240,1731,125,4397,32,2485,996,8982,10145,667,2970,10977
"ponedeljek, 10. april 2023","Dr�ava - SKUPAJ",23266,1188,1121,105,2505,23,1130,745,4805,4860,298,1485,5001
"torek, 11. april 2023","Dr�ava - SKUPAJ",20030,1539,1018,229,2205,63,805,1050,4222,3414,265,1144,4076
"sreda, 12. april 2023","Dr�ava - SKUPAJ",23431,1807,1435,208,2403,66,897,1167,5378,3842,323,1188,4717
"�etrtek, 13. april 2023","Dr�ava - SKUPAJ",27224,1818,1583,192,2721,66,1082,1252,5976,4842,413,1172,6107
"petek, 14. april 2023","Dr�ava - SKUPAJ",33557,2467,2072,292,4176,28,1592,1313,6833,5592,396,1483,7313
"sobota, 15. april 2023","Dr�ava - SKUPAJ",33222,2426,1814,235,3831,27,1654,1099,6994,5111,432,1702,7897
"nedelja, 16. april 2023","Dr�ava - SKUPAJ",20577,1516,1197,68,2404,19,685,887,5032,2742,268,1000,4759
"ponedeljek, 17. april 2023","Dr�ava - SKUPAJ",25317,2271,1734,225,3485,73,667,1257,5263,3176,223,1362,5581
"torek, 18. april 2023","Dr�ava - SKUPAJ",27073,2403,1972,238,3590,75,669,1347,5732,3205,381,1475,5986
"sreda, 19. april 2023","Dr�ava - SKUPAJ",27066,2278,2116,299,3657,72,699,1457,6167,3390,264,1381,5286
"�etrtek, 20.
april 2023","Dr�ava - SKUPAJ",29632,2316,2193,296,3920,73,950,1556,6355,4185,289,1484,6015
"petek, 21. april 2023","Dr�ava - SKUPAJ",35997,2611,2979,175,4144,77,1399,1756,7144,5441,494,2169,7608
"sobota, 22. april 2023","Dr�ava - SKUPAJ",47163,2892,3076,124,4793,87,2480,1682,10121,7507,966,2947,10488
"nedelja, 23. april 2023","Dr�ava - SKUPAJ",33724,1797,1675,89,3420,36,1951,958,8638,5474,627,1970,7089
"ponedeljek, 24. april 2023","Dr�ava - SKUPAJ",34339,2309,1732,216,3955,86,1869,1123,7738,5699,691,1938,6983
"torek, 25. april 2023","Dr�ava - SKUPAJ",25103,2258,1650,237,2818,80,967,1098,5207,4206,358,1633,4591
"sreda, 26. april 2023","Dr�ava - SKUPAJ",26419,2525,1445,119,3241,24,1093,963,4784,4619,349,1733,5524
"�etrtek, 27. april 2023","Dr�ava - SKUPAJ",37083,3843,1611,146,4334,17,1969,1263,5314,6259,544,2498,9285
"petek, 28. april 2023","Dr�ava - SKUPAJ",50649,4709,2577,217,5223,29,2629,1414,8045,9293,667,3461,12385
"sobota, 29. april 2023","Dr�ava - SKUPAJ",66721,5249,3447,223,6512,47,3855,1666,11064,14095,1163,4558,14842
"nedelja, 30. april 2023","Dr�ava - SKUPAJ",60954,4542,2644,200,5981,19,3607,1509,10147,13378,958,4117,13852
"ponedeljek, 01. maj 2023","Dr�ava - SKUPAJ",38084,3008,1422,91,3800,3,2561,1060,5830,8492,477,2476,8864
"torek, 02. maj 2023","Dr�ava - SKUPAJ",27113,1528,1186,66,2527,3,1447,755,4950,6406,429,1946,5870
"sreda, 03. maj 2023","Dr�ava - SKUPAJ",30374,1789,1494,250,3052,64,1452,1159,5262,6340,432,2243,6837
"�etrtek, 04. maj 2023","Dr�ava - SKUPAJ",32975,2145,1805,232,3197,68,1600,1340,5484,6848,443,2435,7378
"petek, 05. maj 2023","Dr�ava - SKUPAJ",38820,2613,2781,185,3214,58,1660,1183,6794,8139,606,3084,8503
"sobota, 06. maj 2023","Dr�ava - SKUPAJ",40794,2796,3245,179,3277,27,1429,1154,7600,7862,655,3268,9302
"nedelja, 07. maj 2023","Dr�ava - SKUPAJ",26809,2092,2079,83,2492,6,665,869,5659,5036,469,1769,5590
"ponedeljek, 08. maj 2023","Dr�ava - SKUPAJ",29668,2248,2315,195,3246,70,697,1308,6079,5486,513,1761,5750
"torek, 09. maj 2023","Dr�ava - SKUPAJ",29861,2319,2163,219,3407,85,655,1272,6183,5012,449,1795,6302
"sreda, 10. maj 2023","Dr�ava - SKUPAJ",29119,2359,1928,205,3264,80,746,1482,6177,4880,475,1626,5897
"�etrtek, 11. maj 2023","Dr�ava - SKUPAJ",31178,2213,2025,192,3412,78,794,1578,6450,5753,571,1873,6239
"petek, 12. maj 2023","Dr�ava - SKUPAJ",32607,2644,2298,153,3875,43,990,1203,6410,5852,411,2321,6407
"sobota, 13. maj 2023","Dr�ava - SKUPAJ",35116,2589,2534,209,4134,44,1232,1287,6452,6648,555,2934,6498
"nedelja, 14. maj 2023","Dr�ava - SKUPAJ",22817,1306,1580,82,2216,13,532,1060,5071,4731,372,1893,3961
"ponedeljek, 15. maj 2023","Dr�ava - SKUPAJ",29409,1814,2479,317,2753,73,833,1229,5761,6051,473,2178,5448
"torek, 16. maj 2023","Dr�ava - SKUPAJ",31505,1965,2863,392,2912,67,804,1280,6293,6241,534,2378,5776
"sreda, 17. maj 2023","Dr�ava - SKUPAJ",33777,1968,2680,438,3144,129,943,1189,6724,6826,516,2653,6567
"�etrtek, 18. maj 2023","Dr�ava - SKUPAJ",46736,3049,2912,503,3898,144,1525,1305,7974,9795,703,4172,10756
"petek, 19. maj 2023","Dr�ava - SKUPAJ",51504,3580,3330,410,4103,89,1914,1235,8586,11196,706,5023,11332
"sobota,
20. maj 2023","Dr�ava - SKUPAJ",51540,3430,3087,386,4057,99,1827,1394,8188,11731,985,5238,11118
"nedelja, 21. maj 2023","Dr�ava - SKUPAJ",26944,862,1507,130,2157,60,565,601,5502,7018,471,2888,5183
"ponedeljek, 22. maj 2023","Dr�ava - SKUPAJ",28501,1094,1820,158,2678,100,773,725,5237,7256,644,2598,5418
"torek, 23. maj 2023","Dr�ava - SKUPAJ",25993,822,1608,150,2763,105,833,710,4876,6500,506,2309,4811
"sreda, 24. maj 2023","Dr�ava - SKUPAJ",25861,988,1667,170,2773,90,866,871,4808,6178,585,2309,4556
"�etrtek, 25. maj 2023","Dr�ava - SKUPAJ",32473,1454,2094,327,3253,90,841,1096,5396,8020,558,3026,6318
"petek, 26. maj 2023","Dr�ava - SKUPAJ",40912,1436,2580,313,4339,70,1445,1114,6484,11286,794,4213,6838
"sobota, 27. maj 2023","Dr�ava - SKUPAJ",54167,3157,3183,386,4968,97,2147,1252,7314,15110,861,6352,9340
"nedelja, 28. maj 2023","Dr�ava - SKUPAJ",42862,1251,2185,178,3313,46,1585,752,6588,12823,914,5246,7981
"ponedeljek, 29. maj 2023","Dr�ava - SKUPAJ",34042,794,1799,97,3007,45,1547,808,5063,9798,638,4277,6169
"torek,
30. maj 2023","Dr�ava - SKUPAJ",34214,847,2129,263,2641,27,1431,764,5575,9214,674,4198,6451
"sreda, 31. maj 2023","Dr�ava - SKUPAJ",31715,810,1791,145,2647,24,1434,733,4641,8748,655,4062,6025
"�etrtek, 01. junij 2023","Dr�ava - SKUPAJ",38006,1169,2010,221,3334,66,1775,1064,5799,9190,865,4655,7858
"petek, 02. junij 2023","Dr�ava - SKUPAJ",43974,1159,2138,252,3949,49,2383,1084,7302,10892,1075,5521,8170
"sobota, 03. junij 2023","Dr�ava - SKUPAJ",51343,2112,2667,300,4114,66,2686,1319,7662,12538,1308,5534,11037
"nedelja, 04. junij 2023","Dr�ava - SKUPAJ",27770,609,1277,79,2103,11,1196,434,4643,8153,580,3463,5222
"ponedeljek, 05. junij 2023","Dr�ava - SKUPAJ",29792,625,1693,128,2568,8,1497,506,4685,8092,671,3190,6129
"torek, 06. junij 2023","Dr�ava - SKUPAJ",31849,778,1831,128,3025,60,1477,641,5390,8375,673,3351,6120
"sreda, 07. junij 2023","Dr�ava - SKUPAJ",34684,981,1919,184,3243,30,1638,617,4781,9559,591,3901,7240
"�etrtek, 08.
junij 2023","Dr�ava - SKUPAJ",46158,1393,2508,289,4099,88,2601,889,5965,11923,930,5043,10430
"petek, 09. junij 2023","Dr�ava - SKUPAJ",48118,1653,2752,250,4534,47,2735,883,6344,11788,910,5552,10670
"sobota, 10. junij 2023","Dr�ava - SKUPAJ",52563,2944,2887,207,4949,54,2365,1053,6304,12463,873,6039,12425
"nedelja, 11. junij 2023","Dr�ava - SKUPAJ",28415,591,1589,101,2794,32,852,372,4362,8259,462,3588,5413
"ponedeljek, 12. junij 2023","Dr�ava - SKUPAJ",30775,702,1622,158,3314,42,1205,442,4467,8656,462,3482,6223
"torek, 13. junij 2023","Dr�ava - SKUPAJ",32767,775,1680,181,3633,51,1304,552,4729,9088,570,3594,6610
"sreda, 14. junij 2023","Dr�ava - SKUPAJ",33605,946,1833,195,3565,35,1398,819,5230,8496,636,3510,6942
"�etrtek, 15. junij 2023","Dr�ava - SKUPAJ",38041,1236,2244,270,3463,71,1613,866,5651,9646,728,4019,8234
"petek, 16. junij 2023","Dr�ava - SKUPAJ",42940,1235,2739,222,4741,46,1918,996,6584,10628,757,4722,8352
"sobota, 17. junij 2023","Dr�ava - SKUPAJ",48506,1823,2762,272,4852,59,2270,1255,6598,12422,993,5349,9851
"nedelja, 18. junij 2023","Dr�ava - SKUPAJ",32813,735,1660,159,2877,29,1292,476,4850,10019,532,3721,6463
"ponedeljek, 19. junij 2023","Dr�ava - SKUPAJ",36518,815,1843,113,3209,14,1631,584,5207,10904,634,4287,7277
"torek, 20. junij 2023","Dr�ava - SKUPAJ",39343,1165,2082,152,3627,69,1583,878,5858,11310,778,4311,7530
"sreda, 21. junij 2023","Dr�ava - SKUPAJ",40571,1277,2954,169,3615,54,1644,984,5342,11438,743,4397,7954
"�etrtek, 22. junij 2023","Dr�ava - SKUPAJ",45700,1487,4078,203,4161,82,1933,1144,5528,12552,724,4698,9110
"petek, 23. junij 2023","Dr�ava - SKUPAJ",50444,1728,4690,191,4885,29,2614,1389,5867,13698,1036,5145,9172
"sobota, 24. junij 2023","Dr�ava - SKUPAJ",61724,2202,5164,332,6025,41,3429,2113,7211,15866,982,6743,11616
"nedelja, 25. junij 2023","Dr�ava - SKUPAJ",44594,1159,2473,208,3933,7,2326,885,6026,13200,805,5059,8513
"ponedeljek, 26. junij 2023","Dr�ava - SKUPAJ",45368,1184,2009,216,4200,58,2630,950,5728,13282,878,5147,9086
"torek,
27. junij 2023","Dr�ava - SKUPAJ",44440,1266,2090,243,3971,59,2678,955,5349,12431,848,4833,9717
"sreda, 28. junij 2023","Dr�ava - SKUPAJ",45073,1458,2282,231,4106,65,2488,1065,5589,12423,838,4890,9638
"�etrtek, 29. junij 2023","Dr�ava - SKUPAJ",49048,1618,2795,361,4403,19,2582,1193,5548,13593,976,5376,10584
"petek, 30. junij 2023","Dr�ava - SKUPAJ",52284,1563,3792,411,4516,38,2860,1207,6728,14017,1138,6056,9958
"sobota, 01. julij 2023","Dr�ava - SKUPAJ",60665,2496,4212,547,4809,64,2930,1472,7840,16041,1295,7134,11825
"nedelja, 02. julij 2023","Dr�ava - SKUPAJ",49390,1040,2818,234,3759,40,2211,825,6681,16188,868,5709,9017
"ponedeljek, 03. julij 2023","Dr�ava - SKUPAJ",64354,2339,2587,454,4597,74,2928,1306,9216,18920,1180,6778,13975
"torek, 04. julij 2023","Dr�ava - SKUPAJ",66076,2338,2744,450,4552,42,3039,1402,9167,19443,1184,6885,14830
"sreda, 05. julij 2023","Dr�ava - SKUPAJ",66402,1997,2699,381,4610,51,3071,1207,8408,20264,1194,7483,15037
"�etrtek, 06.
julij 2023","Dr�ava - SKUPAJ",61542,1437,2696,295,4384,50,2962,1205,7442,18906,1203,7316,13646
"petek, 07. julij 2023","Dr�ava - SKUPAJ",67392,1725,3487,259,4993,48,3177,1704,8147,20495,1409,7893,14055
"sobota, 08. julij 2023","Dr�ava - SKUPAJ",73790,2411,3940,391,5750,93,3498,2060,8675,21626,1232,9191,14923
"nedelja, 09. julij 2023","Dr�ava - SKUPAJ",57095,1214,2913,253,4152,36,2775,1187,7272,18362,1046,6869,11016
"ponedeljek, 10. julij 2023","Dr�ava - SKUPAJ",60704,1389,2337,283,4899,56,3234,1423,6914,19422,1066,7619,12062
"torek, 11. julij 2023","Dr�ava - SKUPAJ",64026,1649,2260,289,5112,48,3417,1562,7341,20518,1090,8128,12612
"sreda, 12. julij 2023","Dr�ava - SKUPAJ",63780,1540,2402,302,5265,45,3428,1479,7399,20169,1092,7818,12841
"�etrtek, 13. julij 2023","Dr�ava - SKUPAJ",65732,1769,2858,289,5423,84,3374,1644,8213,19602,1114,7817,13545
"petek, 14. julij 2023","Dr�ava - SKUPAJ",73288,1722,3525,447,6740,79,3407,2139,9274,21505,1317,8976,14157
"sobota, 15. julij 2023","Dr�ava - SKUPAJ",78627,1784,3801,441,7529,86,3614,2375,9583,23127,1649,10298,14340
"nedelja, 16. julij 2023","Dr�ava - SKUPAJ",66573,1254,3150,256,4904,42,3037,1372,7985,22152,1360,8136,12925
"ponedeljek, 17. julij 2023","Dr�ava - SKUPAJ",70639,1425,2618,279,5681,52,3649,1571,8671,23242,1407,8535,13509
"torek, 18. julij 2023","Dr�ava - SKUPAJ",72819,1608,2374,270,6014,53,3804,1530,8865,23546,1443,9169,14143
"sreda, 19. julij 2023","Dr�ava - SKUPAJ",72962,1536,2465,238,5927,65,3756,1666,8657,23020,1496,9118,15018
"�etrtek, 20. julij 2023","Dr�ava - SKUPAJ",73791,1775,2661,282,5990,55,3715,1740,9088,22472,1488,8970,15555
"petek, 21. julij 2023","Dr�ava - SKUPAJ",75290,1972,3613,419,6316,61,3646,1777,9640,21852,1714,8731,15549
"sobota, 22. julij 2023","Dr�ava - SKUPAJ",81154,1824,7115,499,6758,61,3777,1867,9876,22305,1597,9463,16012
"nedelja, 23. julij 2023","Dr�ava - SKUPAJ",76457,1266,7414,200,6252,40,3480,1441,8692,22825,1513,8946,14388
"ponedeljek, 24. julij 2023","Dr�ava - SKUPAJ",83123,1568,7471,263,6873,32,4042,1595,9323,24276,1604,9963,16113
"torek, 25. julij 2023","Dr�ava - SKUPAJ",81788,1767,7370,277,6791,45,3933,1576,9319,23168,1768,9435,16339
"sreda, 26. julij 2023","Dr�ava - SKUPAJ",84462,1847,7738,277,7291,31,3993,1672,9652,23738,1607,9980,16636
"�etrtek, 27. julij 2023","Dr�ava - SKUPAJ",87419,2431,7769,314,7308,25,4002,1915,9346,24484,1845,10398,17582
"petek, 28. julij 2023","Dr�ava - SKUPAJ",89304,2634,8117,341,7548,79,3742,2441,9575,24322,1941,10843,17721
"sobota, 29.
julij 2023","Dr�ava - SKUPAJ",86139,2319,7872,355,7528,125,3637,2467,10302,22934,1980,10077,16543
"nedelja, 30. julij 2023","Dr�ava - SKUPAJ",71295,1310,3265,273,6099,99,2797,1599,9287,21510,1787,8898,14371
"ponedeljek, 31. julij 2023","Dr�ava - SKUPAJ",74312,1513,2853,269,6456,30,3180,1578,9331,22886,1676,9439,15101
"torek, 01. avgust 2023","Dr�ava - SKUPAJ",77148,1883,2842,280,6769,52,3541,1855,9612,23070,1653,9571,16020
"sreda, 02. avgust 2023","Dr�ava - SKUPAJ",79127,2257,2961,312,6961,53,3452,1859,9665,23640,1671,9750,16546
"�etrtek, 03. avgust 2023","Dr�ava - SKUPAJ",78868,2101,3283,292,6651,64,3451,1888,9549,23398,1797,9027,17367
"petek, 04. avgust 2023","Dr�ava - SKUPAJ",72040,1865,3918,276,5958,88,3175,1695,9763,19435,1911,7816,16140
"sobota, 05. avgust 2023","Dr�ava - SKUPAJ",65935,1755,3746,173,4777,80,2389,1627,9499,17573,1804,7830,14682
"nedelja, 06. avgust 2023","Dr�ava - SKUPAJ",64337,1380,2980,165,4940,68,1976,1340,8692,18322,1706,7973,14795
"ponedeljek, 07.
avgust 2023","Dr�ava - SKUPAJ",70339,1603,2896,125,4620,61,2585,1471,9044,20991,1801,8787,16355
"torek, 08. avgust 2023","Dr�ava - SKUPAJ",75118,1799,2871,224,5071,64,2998,1474,9648,22439,1691,9641,17198
"sreda, 09. avgust 2023","Dr�ava - SKUPAJ",76753,2006,3133,286,5239,47,3523,1522,9350,22713,1733,9594,17607
"�etrtek, 10. avgust 2023","Dr�ava - SKUPAJ",78492,2227,3272,314,5364,75,3618,1651,9765,22886,1816,9920,17584
"petek, 11. avgust 2023","Dr�ava - SKUPAJ",82027,1994,3968,385,5366,72,3965,2126,10329,23484,1969,10553,17816
"sobota, 12. avgust 2023","Dr�ava - SKUPAJ",88563,2883,4348,415,6488,129,4616,2572,10754,24687,2039,11273,18359
"nedelja, 13. avgust 2023","Dr�ava - SKUPAJ",84113,2628,3704,279,5894,65,4395,2448,9646,24389,1979,11054,17632
"ponedeljek, 14. avgust 2023","Dr�ava - SKUPAJ",87689,3009,3370,275,6185,88,4700,2488,10011,25487,1751,11677,18648
"torek, 15. avgust 2023","Dr�ava - SKUPAJ",77572,1768,3021,266,5290,61,3968,1576,9042,23860,1727,10322,16671
"sreda, 16.
avgust 2023","Dr�ava - SKUPAJ",79349,1968,3503,287,5438,65,4186,1711,9318,24196,1688,10134,16855
"�etrtek, 17. avgust 2023","Dr�ava - SKUPAJ",81052,2083,3789,339,5366,67,4216,1887,10301,23800,1792,10208,17204
"petek, 18. avgust 2023","Dr�ava - SKUPAJ",80573,2084,4264,287,5537,157,4109,2167,9879,23281,1675,10012,17121
"sobota, 19. avgust 2023","Dr�ava - SKUPAJ",80499,2611,4539,397,5537,62,4009,2312,9725,23070,1688,9791,16758
"nedelja, 20. avgust 2023","Dr�ava - SKUPAJ",63781,1113,3092,233,4362,41,3073,1178,8153,20189,1338,7745,13264
"ponedeljek, 21. avgust 2023","Dr�ava - SKUPAJ",66701,1352,2901,225,4774,45,3418,1140,7987,21287,1478,8148,13946
"torek, 22. avgust 2023","Dr�ava - SKUPAJ",67784,1710,2818,266,4915,52,3446,1306,7984,21139,1509,8437,14202
"sreda, 23. avgust 2023","Dr�ava - SKUPAJ",67721,1715,2772,276,4811,38,3377,1241,7994,20811,1582,8439,14665
"�etrtek, 24. avgust 2023","Dr�ava - SKUPAJ",67103,1911,3263,292,4582,70,3085,1555,7549,19836,1550,8357,15053
"petek, 25.
avgust 2023","Dr�ava - SKUPAJ",69535,2134,4138,215,5317,36,3222,1772,7821,19992,1434,8615,14839
"sobota, 26. avgust 2023","Dr�ava - SKUPAJ",71038,3246,3651,277,5465,37,3355,2032,7817,19705,1371,8884,15198
"nedelja, 27. avgust 2023","Dr�ava - SKUPAJ",49648,1219,2158,127,3938,30,2580,854,6180,14879,1123,5655,10905
"ponedeljek, 28. avgust 2023","Dr�ava - SKUPAJ",47240,1306,2207,180,4291,38,2736,745,6790,13069,1142,4555,10181
"torek, 29. avgust 2023","Dr�ava - SKUPAJ",43915,1573,1904,170,4244,35,2688,780,6090,11479,923,4467,9562
"sreda, 30. avgust 2023","Dr�ava - SKUPAJ",42236,1697,1984,258,3968,38,2298,832,5785,11159,838,4580,8799
"�etrtek, 31. avgust 2023","Dr�ava - SKUPAJ",41268,1219,2249,175,3446,43,1791,735,5795,11684,703,4635,8793
"petek, 01. september 2023","Dr�ava - SKUPAJ",48569,1241,2822,235,3624,46,2302,1072,6233,14492,949,5439,10114
"sobota, 02. september 2023","Dr�ava - SKUPAJ",54844,2332,3151,274,4073,71,2382,1255,6658,15579,986,6339,11744
"nedelja,
03. september 2023","Dr�ava - SKUPAJ",37042,660,1737,84,2562,48,1390,597,5281,11478,676,4687,7842
"ponedeljek, 04. september 2023","Dr�ava - SKUPAJ",40824,767,1757,108,3021,56,1783,599,5672,12162,665,5259,8975
"torek, 05. september 2023","Dr�ava - SKUPAJ",42857,959,1772,124,3246,88,1880,755,5680,12633,700,5829,9191
"sreda, 06. september 2023","Dr�ava - SKUPAJ",43955,1206,1963,159,3319,42,1865,731,6021,12827,738,5633,9451
"�etrtek, 07. september 2023","Dr�ava - SKUPAJ",47728,1292,2103,256,3625,95,1822,1103,6485,13827,713,5893,10514
"petek, 08. september 2023","Dr�ava - SKUPAJ",50438,1423,2686,245,3824,44,2148,1092,6741,15253,843,6231,9908
"sobota, 09. september 2023","Dr�ava - SKUPAJ",57822,2615,3035,278,4492,48,1969,1363,7525,16502,997,6680,12318
"nedelja, 10. september 2023","Dr�ava - SKUPAJ",35005,636,1710,103,2592,63,876,479,5550,10845,634,4204,7313
"ponedeljek,
11. september 2023","Dr�ava - SKUPAJ",37374,783,1746,126,2817,77,1096,615,5938,11308,545,4429,7894
"torek, 12. september 2023","Dr�ava - SKUPAJ",38665,1023,1846,207,3026,127,1158,810,6001,11074,694,4580,8119
"sreda, 13. september 2023","Dr�ava - SKUPAJ",36952,1021,2018,103,2963,79,1092,894,5780,10016,702,4089,8195
"�etrtek, 14. september 2023","Dr�ava - SKUPAJ",39866,1385,2142,285,3209,136,1190,1165,6240,10155,788,4031,9140
"petek, 15. september 2023","Dr�ava - SKUPAJ",41555,1245,2636,226,3664,80,1471,982,6548,10718,707,4647,8631
"sobota, 16. september 2023","Dr�ava - SKUPAJ",50675,2831,2764,295,4244,50,1752,1314,7049,13414,921,5539,10502
"nedelja, 17. september 2023","Dr�ava - SKUPAJ",29321,636,1316,51,2381,41,702,437,5105,8461,595,3171,6425
"ponedeljek, 18. september 2023","Dr�ava - SKUPAJ",31119,698,1646,94,2828,50,688,561,5276,9167,528,3017,6566
"torek, 19.
september 2023","Dr�ava - SKUPAJ",31498,921,1783,176,2682,85,672,659,5890,8618,625,3092,6295
"sreda, 20. september 2023","Dr�ava - SKUPAJ",31726,981,1740,180,2907,55,763,630,6043,8232,565,3179,6451
"�etrtek, 21. september 2023","Dr�ava - SKUPAJ",34685,1328,2099,219,3230,103,831,995,5905,8660,635,3367,7313
"petek, 22. september 2023","Dr�ava - SKUPAJ",34757,1304,2293,94,3573,47,1292,828,6385,8389,718,3223,6611
"sobota, 23. september 2023","Dr�ava - SKUPAJ",40868,2780,2567,153,3991,56,1537,1078,6471,9688,819,3837,7891
"nedelja, 24. september 2023","Dr�ava - SKUPAJ",24187,540,1056,53,2379,24,473,303,4809,6698,343,2939,4570
"ponedeljek, 25. september 2023","Dr�ava - SKUPAJ",26560,708,1361,69,2737,10,563,455,4982,7282,430,2943,5020
"torek, 26. september 2023","Dr�ava - SKUPAJ",29840,1204,1561,147,2998,63,666,697,5414,7336,446,3096,6212
"sreda, 27.
september 2023","Dr�ava - SKUPAJ",30042,1262,1444,106,2904,22,1312,515,5630,7620,492,3122,5613
"�etrtek, 28. september 2023","Dr�ava - SKUPAJ",34223,1304,1814,175,2939,58,1510,773,6070,8469,552,3243,7316
"petek, 29. september 2023","Dr�ava - SKUPAJ",37064,1391,2450,135,3586,51,1822,648,5909,9534,592,3480,7466
"sobota, 30. september 2023","Dr�ava - SKUPAJ",45388,2951,3229,185,3818,51,1858,896,7144,10366,781,4055,10054
"nedelja, 01. oktober 2023","Dr�ava - SKUPAJ",22744,572,1614,48,1908,21,466,481,4949,5806,398,2212,4269
"ponedeljek, 02. oktober 2023","Dr�ava - SKUPAJ",22770,744,1581,50,2256,33,526,488,4529,5467,328,1977,4791
"torek, 03. oktober 2023","Dr�ava - SKUPAJ",22863,958,1754,72,2298,59,635,516,4730,4887,322,1807,4825
"sreda, 04. oktober 2023","Dr�ava - SKUPAJ",22722,1166,1680,78,2380,62,660,400,4625,4596,448,1636,4991
"�etrtek, 05.
oktober 2023","Dr�ava - SKUPAJ",27991,1401,1760,151,3112,78,814,689,5698,6097,395,1968,5828
"petek, 06. oktober 2023","Dr�ava - SKUPAJ",44738,2835,2665,259,4406,64,1546,1483,8282,8799,555,2995,10849
"sobota, 07. oktober 2023","Dr�ava - SKUPAJ",47285,2992,2835,216,4693,29,1779,1426,7964,9322,666,3496,11867
"nedelja, 08. oktober 2023","Dr�ava - SKUPAJ",27640,1791,1506,80,2996,34,627,855,5705,5376,293,1799,6578
"ponedeljek, 09. oktober 2023","Dr�ava - SKUPAJ",31137,2373,1834,212,3590,78,647,1166,6534,5377,432,1755,7139
"torek, 10. oktober 2023","Dr�ava - SKUPAJ",32078,2561,2114,226,3652,77,642,1242,6397,5397,462,1734,7574
"sreda, 11. oktober 2023","Dr�ava - SKUPAJ",31701,2727,2107,253,3715,72,688,1353,6406,5071,463,1705,7141
"�etrtek, 12. oktober 2023","Dr�ava - SKUPAJ",33836,2765,2499,275,3939,65,900,1332,6674,5869,323,1908,7287
"petek, 13. oktober 2023","Dr�ava - SKUPAJ",40132,3294,3076,244,4881,76,1626,1266,7902,6600,443,2267,8457
"sobota, 14. oktober 2023","Dr�ava - SKUPAJ",40982,3041,3010,170,4799,85,1776,1363,7948,6978,602,2449,8761
"nedelja, 15. oktober 2023","Dr�ava - SKUPAJ",22178,1759,1690,76,2768,32,613,750,5235,3582,266,964,4443
"ponedeljek, 16. oktober 2023","Dr�ava - SKUPAJ",26190,2474,2004,205,3173,57,654,1179,5735,3752,304,1310,5343
"torek, 17. oktober 2023","Dr�ava - SKUPAJ",26990,2393,2084,246,3293,64,661,1233,5903,3961,477,1306,5369
"sreda, 18. oktober 2023","Dr�ava - SKUPAJ",26831,2346,2008,239,3077,62,683,1289,5812,4063,488,1498,5266
"�etrtek, 19. oktober 2023","Dr�ava - SKUPAJ",28811,2407,2209,239,3435,39,919,1204,6160,4253,530,1596,5820
"petek, 20. oktober 2023","Dr�ava - SKUPAJ",37612,2952,2781,472,4690,23,1774,1330,8008,6064,544,2072,6902
"sobota, 21. oktober 2023","Dr�ava - SKUPAJ",43128,3133,3181,575,4845,45,2202,1287,9994,7312,480,2325,7749
"nedelja, 22.
oktober 2023","Dr�ava - SKUPAJ",26101,1973,1461,330,3012,19,722,841,6466,4958,267,1458,4594
"ponedeljek, 23. oktober 2023","Dr�ava - SKUPAJ",26188,2337,1791,428,3306,85,839,1125,5819,3365,260,1442,5391
"torek, 24. oktober 2023","Dr�ava - SKUPAJ",26108,2377,1907,266,3246,80,818,1260,6137,3344,372,1405,4896
"sreda, 25. oktober 2023","Dr�ava - SKUPAJ",26580,2286,1893,262,3566,66,842,1616,6024,3142,371,1319,5193
"�etrtek, 26. oktober 2023","Dr�ava - SKUPAJ",32389,3199,2272,269,4034,79,1523,1848,6057,4209,293,1533,7073
"petek, 27. oktober 2023","Dr�ava - SKUPAJ",37276,3776,2613,177,4791,46,2360,1784,6245,5319,384,1521,8260
"sobota, 28. oktober 2023","Dr�ava - SKUPAJ",48901,5036,2990,245,6214,46,3511,2090,7729,7594,622,2034,10790
"nedelja, 29. oktober 2023","Dr�ava - SKUPAJ",41046,4882,2334,177,5609,20,3629,1528,5610,6298,429,1441,9089
"ponedeljek, 30. oktober 2023","Dr�ava - SKUPAJ",39798,5212,2174,191,5585,17,3629,1292,4940,6002,451,1210,9095
"torek, 31. oktober 2023","Dr�ava - SKUPAJ",33529,4244,1960,153,4491,17,3041,1081,4507,5071,415,1114,7435
"sreda, 01. november 2023","Dr�ava - SKUPAJ",30093,3174,1733,101,4075,8,2545,1045,4547,4850,396,1066,6553
"�etrtek, 02. november 2023","Dr�ava - SKUPAJ",34950,4024,2053,172,4849,29,3291,1139,4937,5222,341,1170,7723
"petek, 03. november 2023","Dr�ava - SKUPAJ",36841,4025,1984,153,5209,40,3272,1189,5759,5413,326,1550,7921
"sobota, 04. november 2023","Dr�ava - SKUPAJ",30157,3087,1870,88,4082,41,2346,986,5182,4228,436,1590,6221
"nedelja, 05.
november 2023","Dr�ava - SKUPAJ",14066,1586,1028,55,2253,11,556,761,2838,1297,91,899,2691
"ponedeljek, 06. november 2023","Dr�ava - SKUPAJ",19021,2220,1444,234,2814,59,759,1084,3600,1646,303,1152,3706
"torek, 07. november 2023","Dr�ava - SKUPAJ",19494,2315,1543,224,2931,68,850,1106,4062,1640,184,1067,3504
"sreda, 08. november 2023","Dr�ava - SKUPAJ",21772,2275,1542,225,3313,65,1163,1070,4938,2090,209,1156,3726
"�etrtek, 09. november 2023","Dr�ava - SKUPAJ",22752,2148,1598,202,3787,63,1547,1070,4265,2515,232,1273,4052
"petek, 10. november 2023","Dr�ava - SKUPAJ",29606,2976,2032,117,5133,55,2160,1199,5421,3607,310,1556,5040
"sobota, 11. november 2023","Dr�ava - SKUPAJ",31849,3148,2331,130,5438,38,2116,1292,5671,3968,356,2058,5303
"nedelja, 12. november 2023","Dr�ava - SKUPAJ",15901,1802,1207,124,3091,7,787,766,3400,1214,109,966,2428
"ponedeljek, 13.
november 2023","Dr�ava - SKUPAJ",19699,2228,1510,261,3396,70,872,1155,3628,1562,256,1341,3420
"torek, 14. november 2023","Dr�ava - SKUPAJ",20342,2300,1704,266,3280,80,828,1188,3852,1682,349,1269,3544
"sreda, 15. november 2023","Dr�ava - SKUPAJ",19940,2189,1611,273,3201,83,712,1174,4068,1609,334,1270,3416
"�etrtek, 16. november 2023","Dr�ava - SKUPAJ",21985,2329,1680,331,3497,69,838,1156,5167,1931,277,1149,3561
"petek, 17. november 2023","Dr�ava - SKUPAJ",30688,2847,2138,253,4991,75,1880,1138,6390,3988,249,1364,5375
"sobota, 18. november 2023","Dr�ava - SKUPAJ",35946,3048,2219,135,5137,79,2208,1245,7901,5492,273,1814,6395
"nedelja, 19. november 2023","Dr�ava - SKUPAJ",14887,1452,1195,71,2631,3,674,713,3219,1304,120,920,2585
"ponedeljek, 20. november 2023","Dr�ava - SKUPAJ",18009,1850,1555,221,2967,52,788,1034,3792,1365,182,1015,3188
"torek, 21.
november 2023","Dr�ava - SKUPAJ",18141,1994,1599,229,2867,53,734,1057,4007,1561,184,738,3118
"sreda, 22. november 2023","Dr�ava - SKUPAJ",17867,1820,1513,230,2945,77,707,1032,4013,1459,203,791,3077
"�etrtek, 23. november 2023","Dr�ava - SKUPAJ",19424,1847,1424,227,3110,86,992,1015,4162,1874,205,779,3703
"petek, 24. november 2023","Dr�ava - SKUPAJ",26538,2921,1842,227,4612,55,1944,986,4913,3329,274,1081,4354
"sobota, 25. november 2023","Dr�ava - SKUPAJ",29191,2963,1837,281,4823,55,2174,927,5904,3948,187,1411,4681
"nedelja, 26. november 2023","Dr�ava - SKUPAJ",13813,1626,1074,83,2288,27,641,642,2861,1396,116,751,2308
"ponedeljek, 27. november 2023","Dr�ava - SKUPAJ",16989,2042,1392,218,2699,65,701,915,3643,1484,173,995,2662
"torek, 28. november 2023","Dr�ava - SKUPAJ",17257,2017,1441,232,2652,55,725,956,4045,1462,177,1005,2490
"sreda, 29.
november 2023","Dr�ava - SKUPAJ",17156,1775,1500,237,2614,101,659,918,4501,1335,116,1006,2394
"�etrtek, 30. november 2023","Dr�ava - SKUPAJ",17877,1612,1517,207,2619,98,729,986,4749,1857,124,940,2439
"petek, 01. december 2023","Dr�ava - SKUPAJ",26273,2287,1845,343,3919,76,1679,1047,7064,3396,203,845,3569
"sobota, 02. december 2023","Dr�ava - SKUPAJ",28604,2260,2023,405,3992,61,1726,1105,7754,4084,372,985,3837
"nedelja, 03. december 2023","Dr�ava - SKUPAJ",13114,1505,907,84,2177,29,550,701,3589,1171,52,504,1845
"ponedeljek, 04. december 2023","Dr�ava - SKUPAJ",16072,1927,1239,406,2676,71,562,890,4006,1504,109,550,2132
"torek, 05. december 2023","Dr�ava - SKUPAJ",16328,1925,1405,402,2593,56,617,914,3914,1584,93,628,2197
"sreda, 06. december 2023","Dr�ava - SKUPAJ",16982,1799,1444,381,2453,50,601,948,4401,1834,129,598,2344
"�etrtek, 07.
december 2023","Dr�ava - SKUPAJ",22486,1976,1488,376,3032,46,1033,1054,6338,2922,264,906,3051
"petek, 08. december 2023","Dr�ava - SKUPAJ",40732,2794,2537,437,5182,18,2724,1044,11252,7605,509,1090,5540
"sobota, 09. december 2023","Dr�ava - SKUPAJ",40549,2901,2411,454,5201,19,2760,1092,11399,7498,494,1081,5239
"nedelja, 10. december 2023","Dr�ava - SKUPAJ",13651,1431,997,110,2176,16,568,652,3509,1897,58,440,1797
"ponedeljek, 11. december 2023","Dr�ava - SKUPAJ",16564,1843,1488,523,2705,74,590,995,3837,1945,153,606,1805
"torek, 12. december 2023","Dr�ava - SKUPAJ",16816,1876,1505,493,2756,78,610,944,3899,2001,142,625,1887
"sreda, 13. december 2023","Dr�ava - SKUPAJ",16630,1757,1526,507,2606,63,612,952,3925,2015,146,631,1890
"�etrtek, 14. december 2023","Dr�ava - SKUPAJ",17899,1579,1638,493,2710,58,737,1009,4575,2198,164,704,2034
"petek, 15.
december 2023","Dr�ava - SKUPAJ",24144,1823,1936,471,3790,31,1496,908,5815,4226,245,689,2714
"sobota, 16. december 2023","Dr�ava - SKUPAJ",28850,1863,2136,509,4029,35,1633,908,7974,5645,216,947,2955
"nedelja, 17. december 2023","Dr�ava - SKUPAJ",12974,974,1065,90,2255,20,569,631,3079,2201,56,636,1398
"ponedeljek, 18. december 2023","Dr�ava - SKUPAJ",15277,1240,1451,553,2661,65,607,929,3259,2243,108,621,1540
"torek, 19. december 2023","Dr�ava - SKUPAJ",14869,1224,1480,551,2529,64,596,925,3130,2337,113,535,1385
"sreda, 20. december 2023","Dr�ava - SKUPAJ",14648,1141,1517,496,2324,64,566,928,3277,2256,154,552,1373
"�etrtek, 21. december 2023","Dr�ava - SKUPAJ",15016,979,1539,469,2267,56,566,949,3732,2401,127,526,1405
"petek, 22. december 2023","Dr�ava - SKUPAJ",17971,1157,1387,483,2665,13,872,710,4793,3362,114,517,1898
"sobota, 23.
december 2023","Dr�ava - SKUPAJ",25765,2208,1516,533,4231,23,1695,760,5037,5643,107,581,3431
"nedelja, 24. december 2023","Dr�ava - SKUPAJ",25710,2469,1327,487,4343,22,2053,637,3968,5996,71,685,3652
"ponedeljek, 25. december 2023","Dr�ava - SKUPAJ",27814,2670,1640,517,4548,24,2083,657,4229,6496,133,835,3982
"torek, 26. december 2023","Dr�ava - SKUPAJ",32568,2844,2146,396,5249,43,2061,693,5381,8446,227,653,4429
"sreda, 27. december 2023","Dr�ava - SKUPAJ",39151,3202,2719,471,5934,43,2533,863,7108,10431,243,752,4852
"�etrtek, 28. december 2023","Dr�ava - SKUPAJ",40914,3141,2768,479,5914,51,2600,1042,7959,11044,230,927,4759
"petek, 29. december 2023","Dr�ava - SKUPAJ",43275,3037,3104,508,5656,75,2429,1105,9046,11591,404,1358,4962
"sobota, 30. december 2023","Dr�ava - SKUPAJ",57281,4091,3523,871,6967,73,3603,1339,11640,15077,591,2275,7231
"nedelja, 31.
december 2023","Dr�ava - SKUPAJ",63996,4264,4001,947,7545,52,3977,1514,13344,16296,667,2897,8492
"ponedeljek, 01. januar 2024","Dr�ava - SKUPAJ",46218,3460,2677,664,6259,32,2864,1106,8595,11992,499,1804,6266
"torek, 02. januar 2024","Dr�ava - SKUPAJ",34771,2127,2363,503,5178,79,2303,690,7086,9707,330,947,3458
"sreda, 03. januar 2024","Dr�ava - SKUPAJ",40351,2714,3093,679,6326,126,2586,1107,7609,10974,337,1002,3798
"�etrtek, 04. januar 2024","Dr�ava - SKUPAJ",40290,2682,3264,691,6331,120,2592,1151,7161,11092,266,1083,3857
"petek, 05. januar 2024","Dr�ava - SKUPAJ",38197,2645,3140,632,6159,90,2419,1090,6756,10604,282,894,3486
"sobota, 06. januar 2024","Dr�ava - SKUPAJ",29760,2149,2417,543,4805,82,1735,914,5120,8195,192,852,2756
"nedelja, 07. januar 2024","Dr�ava - SKUPAJ",12725,925,1096,394,2403,7,494,528,2257,3256,60,331,974
"ponedeljek, 08. januar 2024","Dr�ava - SKUPAJ",17778,1441,1831,667,3211,58,686,855,2631,4419,117,505,1357
"torek,
09. januar 2024","Dr�ava - SKUPAJ",19326,1577,2178,681,3481,70,777,920,2828,4779,122,506,1407
"sreda, 10. januar 2024","Dr�ava - SKUPAJ",19878,1421,2293,671,3655,58,840,996,2795,5172,95,525,1357
"�etrtek, 11. januar 2024","Dr�ava - SKUPAJ",21519,1375,2465,677,3863,58,1009,1000,3216,5489,119,658,1590
"petek, 12. januar 2024","Dr�ava - SKUPAJ",27481,2169,2506,734,5391,67,1524,892,4368,6812,164,762,2092
"sobota, 13. januar 2024","Dr�ava - SKUPAJ",29746,2304,2624,765,5498,72,1689,863,4509,8006,170,853,2393
"nedelja, 14. januar 2024","Dr�ava - SKUPAJ",15670,1167,1331,441,3038,14,590,696,2885,3926,55,491,1036
"ponedeljek, 15. januar 2024","Dr�ava - SKUPAJ",19609,1647,2029,738,3427,68,666,1061,2804,4981,108,692,1388
"torek, 16. januar 2024","Dr�ava - SKUPAJ",20407,1824,2135,736,3485,62,774,1153,2942,4950,136,696,1514
"sreda, 17. januar 2024","Dr�ava - SKUPAJ",20099,1700,2151,742,3563,65,771,1083,2949,4783,123,754,1415
"�etrtek,
18. januar 2024","Dr�ava - SKUPAJ",20172,1515,1957,699,3468,63,859,1081,3158,5122,131,740,1379
"petek, 19. januar 2024","Dr�ava - SKUPAJ",24801,2120,2112,648,4916,6,1518,941,3494,6293,168,628,1957
"sobota, 20. januar 2024","Dr�ava - SKUPAJ",27886,2266,2277,766,5223,26,1726,973,3704,7443,186,865,2431
"nedelja, 21. januar 2024","Dr�ava - SKUPAJ",14819,1226,1197,451,3189,11,752,751,2177,3396,66,492,1111
"ponedeljek, 22. januar 2024","Dr�ava - SKUPAJ",19682,1663,2092,948,3851,42,827,1068,2534,4317,92,921,1327
"torek, 23. januar 2024","Dr�ava - SKUPAJ",19820,1700,2018,960,3718,44,826,1108,2705,4349,101,992,1299
"sreda, 24. januar 2024","Dr�ava - SKUPAJ",20196,1589,2005,950,3767,42,761,1083,2758,4791,103,1011,1336
"�etrtek, 25. januar 2024","Dr�ava - SKUPAJ",22019,1570,2301,954,3982,39,985,1093,3216,5082,117,1177,1503
"petek, 26. januar 2024","Dr�ava - SKUPAJ",27520,2143,2448,588,5503,8,1750,1049,3573,6916,161,1106,2275
"sobota, 27.
januar 2024","Dr�ava - SKUPAJ",30616,2299,2594,686,5791,10,1897,1045,4315,7788,207,1337,2647
"nedelja, 28. januar 2024","Dr�ava - SKUPAJ",14760,1192,1226,437,3096,6,637,789,2103,3410,43,645,1176
"ponedeljek, 29. januar 2024","Dr�ava - SKUPAJ",19319,1463,1873,881,3819,65,711,1064,2716,4395,122,862,1348
"torek, 30. januar 2024","Dr�ava - SKUPAJ",19761,1478,1936,863,3722,68,774,1089,3220,4269,139,838,1365
"sreda, 31. januar 2024","Dr�ava - SKUPAJ",19663,1456,1837,870,3636,65,744,982,3208,4528,143,829,1365
"�etrtek, 01. februar 2024","Dr�ava - SKUPAJ",21596,1789,2164,903,3802,57,776,1020,3149,5099,209,863,1765
"petek, 02. februar 2024","Dr�ava - SKUPAJ",27474,2467,2370,721,4892,45,1622,980,3677,7039,158,841,2662
"sobota, 03. februar 2024","Dr�ava - SKUPAJ",30773,2578,2700,787,5183,48,1800,1016,3904,8519,201,945,3092
"nedelja, 04. februar 2024","Dr�ava - SKUPAJ",17467,1611,1253,450,3162,4,651,749,2255,5041,73,484,1734
"ponedeljek, 05. februar 2024","Dr�ava - SKUPAJ",22493,2258,2045,668,3871,58,773,1049,3021,5886,98,744,2022
"torek, 06. februar 2024","Dr�ava - SKUPAJ",22930,2266,2093,687,3888,57,766,1058,3198,5961,144,755,2057
"sreda, 07. februar 2024","Dr�ava - SKUPAJ",23280,2335,2218,730,4142,8,987,914,2771,6414,69,748,1944
"�etrtek, 08. februar 2024","Dr�ava - SKUPAJ",30033,3297,2605,867,5249,8,1760,977,2874,7894,122,903,3477
"petek, 09. februar 2024","Dr�ava - SKUPAJ",35400,3674,3035,827,6082,56,2751,1076,4254,8047,240,1133,4225
"sobota, 10. februar 2024","Dr�ava - SKUPAJ",35707,3243,3269,739,5924,67,2828,1049,4918,7959,238,1228,4245
"nedelja, 11. februar 2024","Dr�ava - SKUPAJ",21151,1454,1659,213,3996,12,1334,749,3072,5519,114,674,2355
"ponedeljek, 12. februar 2024","Dr�ava - SKUPAJ",26938,2073,2399,883,4812,42,1475,1045,3858,6562,209,804,2776
"torek, 13.
februar 2024","Dr�ava - SKUPAJ",27060,2182,2567,886,4500,44,1242,1041,4213,6724,183,769,2709
"sreda, 14. februar 2024","Dr�ava - SKUPAJ",28370,2172,2545,872,4560,66,1243,1053,4407,7395,246,899,2912
"�etrtek, 15. februar 2024","Dr�ava - SKUPAJ",31522,2058,2793,847,4793,65,1338,1122,5398,8576,187,869,3476
"petek, 16. februar 2024","Dr�ava - SKUPAJ",36438,2765,2792,656,5836,23,2023,998,6470,9320,182,824,4549
"sobota, 17. februar 2024","Dr�ava - SKUPAJ",42435,3213,3276,830,6860,11,2358,1173,6637,11235,273,1165,5404
"nedelja, 18. februar 2024","Dr�ava - SKUPAJ",27361,2252,2388,700,4789,4,1379,892,3180,7988,83,633,3073
"ponedeljek, 19. februar 2024","Dr�ava - SKUPAJ",34900,2846,2839,878,5841,53,2125,1231,3806,10071,145,1112,3953
"torek, 20. februar 2024","Dr�ava - SKUPAJ",35012,2732,2772,826,5850,60,2124,1210,4360,9874,165,1027,4012
"sreda, 21. februar 2024","Dr�ava - SKUPAJ",34413,2706,2819,749,5688,67,2139,1173,4787,9134,178,1016,3957
"�etrtek, 22. februar 2024","Dr�ava - SKUPAJ",33484,2890,2755,730,5632,71,2121,1213,4369,8782,127,1033,3761
"petek, 23. februar 2024","Dr�ava - SKUPAJ",35515,3424,2748,623,6069,53,2386,1081,5523,8071,278,925,4334
"sobota, 24. februar 2024","Dr�ava - SKUPAJ",34543,3307,2320,605,5827,59,2240,1009,5483,7563,254,1155,4721
"nedelja, 25. februar 2024","Dr�ava - SKUPAJ",18607,1733,1232,506,3470,48,832,766,2614,3981,88,576,2761
"ponedeljek, 26. februar 2024","Dr�ava - SKUPAJ",24136,2390,1652,704,4039,98,1169,1088,3138,5237,158,672,3791
"torek, 27. februar 2024","Dr�ava - SKUPAJ",24036,2350,1694,627,3797,69,1106,1120,3400,5199,153,675,3846
"sreda, 28. februar 2024","Dr�ava - SKUPAJ",23454,2103,1640,572,3695,74,1054,1067,3475,5112,152,714,3796
"�etrtek, 29. februar 2024","Dr�ava - SKUPAJ",24457,2174,1581,552,3956,68,1274,1066,3592,5130,154,695,4215
"petek, 01.
marec 2024","Dr�ava - SKUPAJ",30348,2862,1733,345,4737,82,1991,1146,5733,5479,219,805,5216
"sobota, 02. marec 2024","Dr�ava - SKUPAJ",30994,2869,1830,335,4916,83,1940,1175,6597,5160,251,996,4842
"nedelja, 03. marec 2024","Dr�ava - SKUPAJ",13746,1528,906,135,2927,12,609,803,2311,1913,110,366,2126
"ponedeljek, 04. marec 2024","Dr�ava - SKUPAJ",19621,2220,1449,540,3551,70,806,1235,3222,2853,188,571,2916
"torek, 05. marec 2024","Dr�ava - SKUPAJ",21507,2340,1421,568,3768,66,784,1266,3862,3206,221,597,3408
"sreda, 06. marec 2024","Dr�ava - SKUPAJ",20965,2177,1565,554,3692,72,923,1150,3683,2920,212,582,3435
"�etrtek, 07. marec 2024","Dr�ava - SKUPAJ",22209,2320,1680,611,3633,65,1094,1122,3651,3226,258,679,3870
"petek, 08. marec 2024","Dr�ava - SKUPAJ",29751,3045,1908,273,5321,65,2069,1087,4703,4480,329,883,5588
"sobota, 09. marec 2024","Dr�ava - SKUPAJ",31608,2884,1849,272,5066,77,2049,1148,5718,5033,409,1129,5974
"nedelja, 10.
marec 2024","Dr�ava - SKUPAJ",15331,1738,960,137,2597,24,637,747,3280,1797,184,530,2700
"ponedeljek, 11. marec 2024","Dr�ava - SKUPAJ",20935,2304,1433,510,3494,81,682,1102,4164,2433,187,656,3889
"torek, 12. marec 2024","Dr�ava - SKUPAJ",21828,2408,1446,477,3506,66,660,1150,4341,2629,173,705,4267
"sreda, 13. marec 2024","Dr�ava - SKUPAJ",21745,2316,1427,441,3321,76,697,1192,4229,2928,191,624,4303
"�etrtek, 14. marec 2024","Dr�ava - SKUPAJ",24312,2176,1662,426,3519,69,908,1295,4452,4335,204,703,4563
"petek, 15. marec 2024","Dr�ava - SKUPAJ",33012,3191,2263,133,5147,75,1891,1222,5204,6347,308,892,6339
"sobota, 16. marec 2024","Dr�ava - SKUPAJ",35719,3170,2645,193,5415,77,2081,1247,5957,6616,311,1257,6750
"nedelja, 17. marec 2024","Dr�ava - SKUPAJ",16717,1881,1020,81,2909,8,712,941,3377,1910,126,571,3181
"ponedeljek, 18. marec 2024","Dr�ava - SKUPAJ",20119,2258,1293,214,3290,66,783,1153,3767,2226,198,889,3982
"torek, 19.
marec 2024","Dr�ava - SKUPAJ",21290,2297,1476,183,3233,64,743,1197,4314,2459,175,999,4150
"sreda, 20. marec 2024","Dr�ava - SKUPAJ",23106,2287,1472,174,3164,68,724,1166,4354,3985,258,1094,4360
"�etrtek, 21. marec 2024","Dr�ava - SKUPAJ",26294,2337,1472,168,3374,65,769,1240,4714,6012,230,1213,4700
"petek, 22. marec 2024","Dr�ava - SKUPAJ",34175,2711,2267,154,4292,55,1789,1195,5951,8204,361,1653,5543
"sobota, 23. marec 2024","Dr�ava - SKUPAJ",39086,2839,2276,191,4742,61,1961,1283,6505,9241,398,1948,7641
"nedelja, 24. marec 2024","Dr�ava - SKUPAJ",22423,1881,1140,159,2810,22,749,841,4484,3696,187,1119,5335
"ponedeljek, 25. marec 2024","Dr�ava - SKUPAJ",26272,2274,1516,328,3192,69,1241,1340,5356,3100,240,1000,6616
"torek, 26. marec 2024","Dr�ava - SKUPAJ",26271,2044,1413,293,3135,76,1263,1350,5559,3030,301,932,6875
"sreda, 27. marec 2024","Dr�ava - SKUPAJ",25641,1752,1654,267,3105,71,1209,1271,5361,3259,377,984,6331
"�etrtek, 28.
marec 2024","Dr�ava - SKUPAJ",30351,2133,2066,250,3229,73,1125,1276,6669,4755,372,1118,7285
"petek, 29. marec 2024","Dr�ava - SKUPAJ",43888,3579,2308,146,4131,25,2047,1218,9339,8172,646,1499,10778
"sobota, 30. marec 2024","Dr�ava - SKUPAJ",52138,4256,2440,153,5038,35,3041,1327,10588,10354,667,1964,12275
"nedelja, 31. marec 2024","Dr�ava - SKUPAJ",43139,3769,1972,120,4515,29,2789,1187,8477,8296,577,1796,9612
