datum,location_id,pretocnost
2022-06-01,4,1288
2022-06-02,4,743
2022-06-03,4,1128
2022-06-04,4,2488
2022-06-05,4,2466
2022-06-06,4,1382
2022-06-07,4,929
2022-06-08,4,1175
2022-06-09,4,579
2022-06-10,4,1587
2022-06-11,4,2449
2022-06-12,4,2838
2022-06-13,4,814
2022-06-14,4,1869
2022-06-15,2,46
2022-06-15,4,1551
2022-06-16,2,60
2022-06-16,4,1669
2022-06-17,2,79
2022-06-17,4,1874
2022-06-18,2,62
2022-06-18,4,3264
2022-06-19,2,40
2022-06-19,4,2846
2022-06-20,0,3
2022-06-20,2,106
2022-06-20,4,1248
2022-06-21,0,24
2022-06-21,2,31
2022-06-21,4,1503
2022-06-22,0,3
2022-06-22,2,35
2022-06-22,4,1390
2022-06-23,0,5
2022-06-23,2,19
2022-06-23,4,1233
2022-06-24,0,8
2022-06-24,2,57
2022-06-24,4,1449
2022-06-25,0,133
2022-06-25,2,76
2022-06-25,4,3034
2022-06-26,0,95
2022-06-26,2,26
2022-06-26,4,3531
2022-06-27,0,18
2022-06-27,1,318
2022-06-27,2,67
2022-06-27,4,2041
2022-06-28,0,8
2022-06-28,1,66
2022-06-28,2,81
2022-06-28,4,2380
2022-06-29,0,20
2022-06-29,1,214
2022-06-29,2,42
2022-06-29,4,1452
2022-06-30,0,17
2022-06-30,1,288
2022-06-30,2,31
2022-06-30,4,2000
2022-07-01,0,28
2022-07-01,1,379
2022-07-01,2,29
2022-07-01,4,2272
2022-07-02,0,68
2022-07-02,1,1147
2022-07-02,2,47
2022-07-02,4,4640
2022-07-03,0,172
2022-07-03,1,1380
2022-07-03,2,40
2022-07-03,4,5670
2022-07-04,0,13
2022-07-04,1,253
2022-07-04,2,9
2022-07-04,4,3517
2022-07-05,0,5
2022-07-05,1,95
2022-07-05,2,34
2022-07-05,4,2675
2022-07-06,0,41
2022-07-06,1,242
2022-07-06,2,30
2022-07-06,4,3222
2022-07-07,0,10
2022-07-07,1,25
2022-07-07,2,14
2022-07-07,4,1936
2022-07-08,0,14
2022-07-08,1,107
2022-07-08,2,32
2022-07-08,4,3219
2022-07-09,0,90
2022-07-09,1,1053
2022-07-09,2,17
2022-07-09,4,4060
2022-07-10,0,226
2022-07-10,1,381
2022-07-10,2,26
2022-07-10,4,3945
2022-07-11,0,12
2022-07-11,1,172
2022-07-11,4,3073
2022-07-12,0,37
2022-07-12,1,170
2022-07-12,2,0
2022-07-12,4,2147
2022-07-13,0,50
2022-07-13,1,360
2022-07-13,2,0
2022-07-13,4,4066
2022-07-14,0,14
2022-07-14,1,282
2022-07-14,2,15
2022-07-14,4,3254
2022-07-15,0,37
2022-07-15,1,197
2022-07-15,2,48
2022-07-15,4,2295
2022-07-15,5,352
2022-07-16,0,70
2022-07-16,1,730
2022-07-16,2,36
2022-07-16,4,2825
2022-07-16,5,677
2022-07-17,0,219
2022-07-17,1,1583
2022-07-17,2,39
2022-07-17,4,4589
2022-07-17,5,1565
2022-07-18,0,18
2022-07-18,1,339
2022-07-18,2,30
2022-07-18,4,3653
2022-07-18,5,954
2022-07-19,0,42
2022-07-19,1,466
2022-07-19,2,12
2022-07-19,3,72
2022-07-19,4,3920
2022-07-19,5,1016
2022-07-20,0,27
2022-07-20,1,602
2022-07-20,2,49
2022-07-20,3,144
2022-07-20,4,4269
2022-07-20,5,1185
2022-07-21,0,14
2022-07-21,1,505
2022-07-21,2,20
2022-07-21,3,253
2022-07-21,4,3678
2022-07-21,5,1185
2022-07-22,0,25
2022-07-22,1,477
2022-07-22,2,16
2022-07-22,3,368
2022-07-22,4,3271
2022-07-22,5,1260
2022-07-23,0,95
2022-07-23,1,1748
2022-07-23,2,27
2022-07-23,3,449
2022-07-23,4,3882
2022-07-23,5,1854
2022-07-24,0,213
2022-07-24,1,1096
2022-07-24,2,17
2022-07-24,3,125
2022-07-24,4,4291
2022-07-24,5,1209
2022-07-25,0,28
2022-07-25,1,590
2022-07-25,2,11
2022-07-25,3,128
2022-07-25,4,3784
2022-07-25,5,1418
2022-07-26,0,19
2022-07-26,1,71
2022-07-26,2,7
2022-07-26,3,134
2022-07-26,4,3072
2022-07-26,5,610
2022-07-27,0,64
2022-07-27,1,628
2022-07-27,3,25
2022-07-27,4,4122
2022-07-27,5,1135
2022-07-28,0,122
2022-07-28,1,709
2022-07-28,2,0
2022-07-28,3,214
2022-07-28,4,4428
2022-07-28,5,1730
2022-07-29,0,54
2022-07-29,1,574
2022-07-29,2,1
2022-07-29,3,137
2022-07-29,4,3274
2022-07-29,5,790
2022-07-30,0,10
2022-07-30,1,153
2022-07-30,2,31
2022-07-30,3,16
2022-07-30,4,3093
2022-07-30,5,1066
2022-07-31,0,324
2022-07-31,1,1943
2022-07-31,2,27
2022-07-31,3,473
2022-07-31,4,14299
2022-07-31,5,2266
2022-08-01,0,18
2022-08-01,1,404
2022-08-01,2,4
2022-08-01,3,114
2022-08-01,4,6960
2022-08-01,5,1329
2022-08-02,0,42
2022-08-02,1,232
2022-08-02,2,17
2022-08-02,3,22
2022-08-02,4,6359
2022-08-02,5,946
2022-08-03,0,77
2022-08-03,1,973
2022-08-03,2,20
2022-08-03,3,124
2022-08-03,4,7241
2022-08-03,5,1817
2022-08-04,0,16
2022-08-04,1,837
2022-08-04,2,18
2022-08-04,3,103
2022-08-04,4,6939
2022-08-04,5,1499
2022-08-05,0,12
2022-08-05,1,913
2022-08-05,2,11
2022-08-05,3,79
2022-08-05,4,5482
2022-08-05,5,1207
2022-08-06,0,48
2022-08-06,1,1160
2022-08-06,2,44
2022-08-06,3,33
2022-08-06,4,3484
2022-08-06,5,738
2022-08-07,0,302
2022-08-07,1,2239
2022-08-07,2,78
2022-08-07,3,197
2022-08-07,4,4021
2022-08-07,5,580
2022-08-08,0,10
2022-08-08,1,250
2022-08-08,2,26
2022-08-08,3,54
2022-08-08,4,36603
2022-08-08,5,453
2022-08-09,0,61
2022-08-09,1,944
2022-08-09,2,17
2022-08-09,3,126
2022-08-09,4,109397
2022-08-09,5,2060
2022-08-10,0,126
2022-08-10,1,1092
2022-08-10,2,47
2022-08-10,3,163
2022-08-10,4,121198
2022-08-10,5,1889
2022-08-11,0,38
2022-08-11,1,899
2022-08-11,2,22
2022-08-11,3,145
2022-08-11,4,77835
2022-08-11,5,1817
2022-08-12,0,10
2022-08-12,1,258
2022-08-12,2,8
2022-08-12,3,34
2022-08-12,4,68205
2022-08-12,5,581
2022-08-13,0,11
2022-08-13,1,135
2022-08-13,2,26
2022-08-13,3,31
2022-08-13,4,68827
2022-08-13,5,1363
2022-08-14,0,221
2022-08-14,1,3135
2022-08-14,2,68
2022-08-14,3,486
2022-08-14,4,164279
2022-08-14,5,2497
2022-08-15,0,401
2022-08-15,1,3231
2022-08-15,2,64
2022-08-15,3,322
2022-08-15,4,45248
2022-08-15,5,1630
2022-08-16,0,23
2022-08-16,1,441
2022-08-16,2,7
2022-08-16,3,59
2022-08-16,4,52597
2022-08-16,5,1189
2022-08-17,0,67
2022-08-17,1,863
2022-08-17,2,33
2022-08-17,3,153
2022-08-17,4,25395
2022-08-17,5,1948
2022-08-18,0,22
2022-08-18,1,755
2022-08-18,2,19
2022-08-18,3,119
2022-08-18,4,12225
2022-08-18,5,1199
2022-08-19,0,23
2022-08-19,1,419
2022-08-19,2,16
2022-08-19,3,6
2022-08-19,4,94120
2022-08-19,5,185
2022-08-20,0,37
2022-08-20,1,390
2022-08-20,2,32
2022-08-20,3,280
2022-08-20,4,141923
2022-08-20,5,1145
2022-08-21,0,119
2022-08-21,1,796
2022-08-21,2,22
2022-08-21,3,101
2022-08-21,4,61535
2022-08-21,5,1736
2022-08-22,0,9
2022-08-22,1,81
2022-08-22,2,7
2022-08-22,3,6
2022-08-22,4,3370
2022-08-22,5,998
2022-08-23,0,7
2022-08-23,1,82
2022-08-23,2,59
2022-08-23,3,26
2022-08-23,4,71301
2022-08-23,5,1075
2022-08-24,0,22
2022-08-24,1,588
2022-08-24,2,67
2022-08-24,3,114
2022-08-24,4,43200
2022-08-24,5,1609
2022-08-25,0,4
2022-08-25,1,258
2022-08-25,2,50
2022-08-25,3,59
2022-08-25,4,6490
2022-08-25,5,1032
2022-08-26,0,32
2022-08-26,1,466
2022-08-26,2,23
2022-08-26,3,41
2022-08-26,4,16525
2022-08-26,5,863
2022-08-27,0,101
2022-08-27,1,789
2022-08-27,2,37
2022-08-27,3,30
2022-08-27,4,30650
2022-08-27,5,628
2022-08-28,0,204
2022-08-28,1,350
2022-08-28,2,32
2022-08-28,3,8
2022-08-28,4,10184
2022-08-28,5,363
2022-08-29,0,4
2022-08-29,1,85
2022-08-29,2,30
2022-08-29,3,15
2022-08-29,4,6723
2022-08-29,5,801
2022-08-30,0,44
2022-08-30,1,374
2022-08-30,2,22
2022-08-30,3,96
2022-08-30,4,15213
2022-08-30,5,867
2022-08-31,0,11
2022-08-31,1,159
2022-08-31,2,7
2022-08-31,3,7
2022-08-31,4,22042
2022-08-31,5,52
2022-09-01,0,29
2022-09-01,1,34
2022-09-01,2,28
2022-09-01,3,0
2022-09-01,4,80538
2022-09-01,5,367
2022-09-02,0,28
2022-09-02,1,165
2022-09-02,2,15
2022-09-02,3,14
2022-09-02,4,97681
2022-09-02,5,996
2022-09-03,0,113
2022-09-03,1,1092
2022-09-03,2,81
2022-09-03,3,114
2022-09-03,4,45116
2022-09-03,5,1212
2022-09-04,0,104
2022-09-04,1,813
2022-09-04,2,93
2022-09-04,3,52
2022-09-04,4,5024
2022-09-04,5,894
2022-09-05,0,13
2022-09-05,1,115
2022-09-05,2,59
2022-09-05,3,39
2022-09-05,4,1350
2022-09-05,5,808
2022-09-06,0,45
2022-09-06,1,277
2022-09-06,2,30
2022-09-06,3,100
2022-09-06,4,66588
2022-09-06,5,1021
2022-09-07,0,16
2022-09-07,1,126
2022-09-07,2,92
2022-09-07,3,14
2022-09-07,4,77614
2022-09-07,5,572
2022-09-08,0,12
2022-09-08,1,363
2022-09-08,2,21
2022-09-08,3,0
2022-09-08,4,72962
2022-09-08,5,159
2022-09-09,0,5
2022-09-09,1,67
2022-09-09,2,58
2022-09-09,3,5
2022-09-09,4,65258
2022-09-09,5,110
2022-09-10,0,52
2022-09-10,1,494
2022-09-10,2,91
2022-09-10,3,30
2022-09-10,4,109367
2022-09-10,5,717
2022-09-11,0,125
2022-09-11,1,400
2022-09-11,2,111
2022-09-11,3,53
2022-09-11,4,160921
2022-09-11,5,1143
2022-09-12,0,4
2022-09-12,1,135
2022-09-12,2,48
2022-09-12,3,39
2022-09-12,4,101529
2022-09-12,5,1000
2022-09-13,0,20
2022-09-13,1,210
2022-09-13,2,64
2022-09-13,3,39
2022-09-13,4,1427
2022-09-13,5,793
2022-09-14,0,25
2022-09-14,1,143
2022-09-14,2,57
2022-09-14,3,14
2022-09-14,4,577
2022-09-14,5,237
2022-09-15,0,103
2022-09-15,1,12
2022-09-15,2,40
2022-09-15,3,2
2022-09-15,4,164
2022-09-15,5,102
2022-09-16,0,1
2022-09-16,1,29
2022-09-16,2,38
2022-09-16,3,4
2022-09-16,4,107
2022-09-16,5,94
2022-09-17,0,4
2022-09-17,1,6
2022-09-17,2,43
2022-09-17,3,17
2022-09-17,4,233
2022-09-17,5,136
2022-09-18,0,170
2022-09-18,1,536
2022-09-18,2,145
2022-09-18,3,70
2022-09-18,4,900
2022-09-18,5,717
2022-09-19,0,9
2022-09-19,1,126
2022-09-19,2,105
2022-09-19,3,24
2022-09-19,4,562
2022-09-19,5,588
2022-09-20,0,15
2022-09-20,1,180
2022-09-20,2,77
2022-09-20,3,26
2022-09-20,4,882
2022-09-20,5,591
2022-09-21,0,30
2022-09-21,1,153
2022-09-21,2,144
2022-09-21,3,38
2022-09-21,4,573
2022-09-21,5,572
2022-09-22,0,16
2022-09-22,1,271
2022-09-22,2,84
2022-09-22,3,19
2022-09-22,4,619
2022-09-22,5,704
2022-09-23,0,60
2022-09-23,1,145
2022-09-23,2,148
2022-09-23,3,99
2022-09-23,4,480
2022-09-23,5,659
2022-09-24,0,78
2022-09-24,1,664
2022-09-24,2,93
2022-09-24,3,130
2022-09-24,4,320
2022-09-24,5,628
2022-09-25,0,6
2022-09-25,1,5
2022-09-25,2,0
2022-09-25,3,0
2022-09-25,4,77
2022-09-25,5,35
2022-09-26,0,4
2022-09-26,1,15
2022-09-26,2,0
2022-09-26,3,9
2022-09-26,4,200
2022-09-26,5,155
2022-09-27,0,0
2022-09-27,1,8
2022-09-27,2,0
2022-09-27,3,0
2022-09-27,4,47
2022-09-27,5,46
2022-09-28,0,58
2022-09-28,1,81
2022-09-28,2,2
2022-09-28,3,46
2022-09-28,4,170
2022-09-28,5,136
2022-09-29,0,2
2022-09-29,1,5
2022-09-29,2,0
2022-09-29,3,3
2022-09-29,4,57
2022-09-29,5,31
2022-09-30,0,1
2022-09-30,1,12
2022-09-30,2,4
2022-09-30,3,0
2022-09-30,4,26
2022-09-30,5,23
2022-10-01,0,48
2022-10-01,1,142
2022-10-01,2,0
2022-10-01,3,4
2022-10-01,4,147
2022-10-01,5,192
2022-10-02,0,158
2022-10-02,1,292
2022-10-02,2,10
2022-10-02,3,80
2022-10-02,4,372
2022-10-02,5,724
2022-10-03,0,8
2022-10-03,1,102
2022-10-03,2,0
2022-10-03,3,3
2022-10-03,4,147
2022-10-03,5,363
2022-10-04,0,14
2022-10-04,1,109
2022-10-04,2,1
2022-10-04,3,13
2022-10-04,4,208
2022-10-04,5,330
2022-10-05,0,53
2022-10-05,1,53
2022-10-05,2,0
2022-10-05,3,26
2022-10-05,4,234
2022-10-05,5,511
2022-10-06,0,33
2022-10-06,1,109
2022-10-06,2,12
2022-10-06,3,20
2022-10-06,4,245
2022-10-06,5,551
2022-10-07,0,23
2022-10-07,1,87
2022-10-07,2,7
2022-10-07,3,37
2022-10-07,4,365
2022-10-07,5,543
2022-10-08,0,117
2022-10-08,1,1754
2022-10-08,2,0
2022-10-08,3,165
2022-10-08,4,570
2022-10-08,5,2029
2022-10-09,0,102
2022-10-09,1,352
2022-10-09,2,7
2022-10-09,3,12
2022-10-09,4,363
2022-10-09,5,383
2022-10-10,0,6
2022-10-10,1,115
2022-10-10,2,11
2022-10-10,3,12
2022-10-10,4,156
2022-10-10,5,210
2022-10-11,0,8
2022-10-11,1,72
2022-10-11,2,0
2022-10-11,3,11
2022-10-11,4,187
2022-10-11,5,497
2022-10-12,0,13
2022-10-12,1,68
2022-10-12,2,2
2022-10-12,3,11
2022-10-12,4,146
2022-10-12,5,257
2022-10-13,0,20
2022-10-13,1,267
2022-10-13,2,0
2022-10-13,3,70
2022-10-13,4,182
2022-10-13,5,475
2022-10-14,0,4
2022-10-14,1,105
2022-10-14,2,1
2022-10-14,3,28
2022-10-14,4,180
2022-10-14,5,595
2022-10-15,0,77
2022-10-15,1,542
2022-10-15,2,35
2022-10-15,3,137
2022-10-15,4,456
2022-10-15,5,1846
2022-10-16,0,151
2022-10-16,1,883
2022-10-16,2,4
2022-10-16,3,371
2022-10-16,4,573
2022-10-16,5,3498
2022-10-17,0,3
2022-10-17,1,57
2022-10-17,2,5
2022-10-17,3,23
2022-10-17,4,126
2022-10-17,5,513
2022-10-18,0,41
2022-10-18,1,85
2022-10-18,2,0
2022-10-18,3,61
2022-10-18,4,240
2022-10-18,5,1062
2022-10-19,0,142
2022-10-19,1,84
2022-10-19,2,0
2022-10-19,3,75
2022-10-19,4,258
2022-10-19,5,1068
2022-10-20,0,9
2022-10-20,1,67
2022-10-20,2,0
2022-10-20,3,0
2022-10-20,4,116
2022-10-20,5,176
2022-10-21,0,23
2022-10-21,1,111
2022-10-21,2,0
2022-10-21,3,40
2022-10-21,4,93
2022-10-21,5,165
2022-10-22,0,21
2022-10-22,1,24
2022-10-22,2,0
2022-10-22,3,16
2022-10-22,4,25
2022-10-22,5,5
2022-10-23,0,68
2022-10-23,1,352
2022-10-23,2,0
2022-10-23,3,65
2022-10-23,4,236
2022-10-23,5,547
2022-10-24,0,20
2022-10-24,1,101
2022-10-24,2,0
2022-10-24,3,1
2022-10-24,4,17
2022-10-24,5,20
2022-10-25,0,3
2022-10-25,1,4
2022-10-25,2,0
2022-10-25,3,3
2022-10-25,4,65
2022-10-25,5,56
2022-10-26,0,8
2022-10-26,1,46
2022-10-26,2,0
2022-10-26,3,33
2022-10-26,4,104
2022-10-26,5,374
2022-10-27,0,26
2022-10-27,1,66
2022-10-27,2,0
2022-10-27,3,72
2022-10-27,4,229
2022-10-27,5,648
2022-10-28,0,26
2022-10-28,1,103
2022-10-28,2,0
2022-10-28,3,45
2022-10-28,4,257
2022-10-28,5,791
2022-10-29,0,104
2022-10-29,1,776
2022-10-29,2,0
2022-10-29,3,359
2022-10-29,4,936
2022-10-29,5,1918
2022-10-30,0,219
2022-10-30,1,1817
2022-10-30,2,113
2022-10-30,3,384
2022-10-30,4,1392
2022-10-30,5,2977
2022-10-31,0,191
2022-10-31,1,1766
2022-10-31,2,163
2022-10-31,3,390
2022-10-31,4,1234
2022-10-31,5,2647
2022-11-01,0,169
2022-11-01,1,852
2022-11-01,2,141
2022-11-01,3,112
2022-11-01,4,650
2022-11-01,5,1300
2022-11-02,0,19
2022-11-02,1,203
2022-11-02,2,73
2022-11-02,3,11
2022-11-02,4,105
2022-11-02,5,264
2022-11-03,0,9
2022-11-03,1,174
2022-11-03,2,41
2022-11-03,3,1
2022-11-03,4,30
2022-11-03,5,24
2022-11-04,0,2
2022-11-04,1,2
2022-11-04,2,8
2022-11-04,3,0
2022-11-04,4,19
2022-11-04,5,6
2022-11-05,0,29
2022-11-05,1,183
2022-11-05,2,297
2022-11-05,3,51
2022-11-05,4,192
2022-11-05,5,254
2022-11-06,0,167
2022-11-06,1,273
2022-11-06,2,180
2022-11-06,3,332
2022-11-06,4,308
2022-11-06,5,798
2022-11-07,0,4
2022-11-07,1,104
2022-11-07,2,13
2022-11-07,3,29
2022-11-07,4,42
2022-11-07,5,121
2022-11-08,0,16
2022-11-08,1,32
2022-11-08,2,22
2022-11-08,3,42
2022-11-08,4,72
2022-11-08,5,118
2022-11-09,0,7
2022-11-09,1,21
2022-11-09,2,19
2022-11-09,3,10
2022-11-09,4,103
2022-11-09,5,6
2022-11-10,0,1
2022-11-10,1,3
2022-11-10,2,3
2022-11-10,3,0
2022-11-10,4,40
2022-11-10,5,1
2022-11-11,0,10
2022-11-11,1,26
2022-11-11,2,57
2022-11-11,3,17
2022-11-11,4,156
2022-11-11,5,60
2022-11-12,0,40
2022-11-12,1,201
2022-11-12,2,173
2022-11-12,3,82
2022-11-12,4,1261
2022-11-12,5,221
2022-11-13,0,80
2022-11-13,1,229
2022-11-13,2,196
2022-11-13,3,198
2022-11-13,4,569
2022-11-13,5,403
2022-11-14,0,6
2022-11-14,1,86
2022-11-14,2,26
2022-11-14,3,2
2022-11-14,4,93
2022-11-14,5,12
2022-11-15,0,0
2022-11-15,1,26
2022-11-15,2,1
2022-11-15,3,9
2022-11-15,4,5
2022-11-15,5,0
2022-11-16,0,0
2022-11-16,1,7
2022-11-16,2,2
2022-11-16,3,0
2022-11-16,4,0
2022-11-16,5,2
2022-11-17,0,11
2022-11-17,1,19
2022-11-17,2,8
2022-11-17,3,9
2022-11-17,4,51
2022-11-17,5,12
2022-11-18,0,2
2022-11-18,1,25
2022-11-18,2,47
2022-11-18,3,0
2022-11-18,4,39
2022-11-18,5,0
2022-11-19,0,18
2022-11-19,1,47
2022-11-19,2,278
2022-11-19,3,15
2022-11-19,4,96
2022-11-19,5,0
2022-11-20,0,45
2022-11-20,1,26
2022-11-20,2,356
2022-11-20,3,11
2022-11-20,4,109
2022-11-20,5,0
2022-11-21,0,12
2022-11-21,1,16
2022-11-21,2,44
2022-11-21,3,3
2022-11-21,4,63
2022-11-21,5,0
2022-11-22,0,0
2022-11-22,1,1922
2022-11-22,2,7
2022-11-22,3,1
2022-11-22,4,18
2022-11-22,5,0
2022-11-23,0,5
2022-11-23,1,721
2022-11-23,2,37
2022-11-23,3,2
2022-11-23,4,23
2022-11-24,0,19
2022-11-24,1,288
2022-11-24,2,131
2022-11-24,3,1
2022-11-24,4,82
2022-11-25,0,9
2022-11-25,1,0
2022-11-25,2,85
2022-11-25,3,0
2022-11-25,4,38
2022-11-26,0,61
2022-11-26,1,23
2022-11-26,2,290
2022-11-26,3,24
2022-11-26,4,55
2022-11-27,0,114
2022-11-27,1,59
2022-11-27,2,583
2022-11-27,3,4
2022-11-27,4,78
2022-11-28,0,13
2022-11-28,1,10
2022-11-28,2,49
2022-11-28,3,0
2022-11-28,4,68
2022-11-29,0,2
2022-11-29,1,0
2022-11-29,2,56
2022-11-29,3,0
2022-11-29,4,47
2022-11-30,0,5
2022-11-30,1,49
2022-11-30,2,41
2022-11-30,3,2
2022-11-30,4,58
2022-12-01,0,0
2022-12-01,1,1275
2022-12-01,2,65
2022-12-01,3,0
2022-12-01,4,41
2022-12-02,0,9
2022-12-02,1,25
2022-12-02,2,70
2022-12-02,3,0
2022-12-02,4,21
2022-12-03,0,15
2022-12-03,1,51
2022-12-03,2,169
2022-12-03,3,0
2022-12-03,4,14
2022-12-04,0,8
2022-12-04,1,31
2022-12-04,2,127
2022-12-04,3,0
2022-12-04,4,13
2022-12-05,0,1
2022-12-05,1,0
2022-12-05,2,9
2022-12-05,3,0
2022-12-05,4,6
2022-12-06,0,18
2022-12-06,1,5
2022-12-06,2,70
2022-12-06,3,0
2022-12-06,4,41
2022-12-07,0,8
2022-12-07,1,4
2022-12-07,2,27
2022-12-07,3,5
2022-12-07,4,26
2022-12-08,0,8
2022-12-08,1,1801
2022-12-08,2,173
2022-12-08,3,0
2022-12-08,4,16
2022-12-09,0,4
2022-12-09,1,1613
2022-12-09,2,16
2022-12-09,3,0
2022-12-09,4,8
2022-12-10,0,8
2022-12-10,1,8
2022-12-10,2,129
2022-12-10,3,0
2022-12-10,4,6
2022-12-11,0,27
2022-12-11,1,148
2022-12-11,2,73
2022-12-11,3,0
2022-12-11,4,11
2022-12-12,0,10
2022-12-12,1,18
2022-12-12,2,40
2022-12-12,3,0
2022-12-12,4,25
2022-12-13,0,19
2022-12-13,1,11
2022-12-13,2,50
2022-12-13,3,0
2022-12-13,4,68
2022-12-14,0,7
2022-12-14,1,2
2022-12-14,2,21
2022-12-14,3,0
2022-12-14,4,13
2022-12-15,0,0
2022-12-15,1,30
2022-12-15,2,42
2022-12-15,3,0
2022-12-16,0,0
2022-12-16,1,0
2022-12-16,2,2
2022-12-16,3,0
2022-12-17,0,51
2022-12-17,1,18
2022-12-17,2,89
2022-12-17,3,0
2022-12-18,0,106
2022-12-18,1,61
2022-12-18,2,363
2022-12-18,3,0
2022-12-19,0,11
2022-12-19,1,3
2022-12-19,2,51
2022-12-19,3,0
2022-12-20,0,9
2022-12-20,1,6
2022-12-20,2,35
2022-12-20,3,0
2022-12-21,0,3
2022-12-21,1,10
2022-12-21,2,23
2022-12-21,3,0
2022-12-22,0,15
2022-12-22,1,4
2022-12-22,2,45
2022-12-22,3,0
2022-12-23,0,2
2022-12-23,1,7
2022-12-23,2,20
2022-12-23,3,0
2022-12-24,0,15
2022-12-24,1,17
2022-12-24,2,57
2022-12-24,3,0
2022-12-25,0,66
2022-12-25,1,58
2022-12-25,2,43
2022-12-25,3,0
2022-12-26,0,105
2022-12-26,1,125
2022-12-26,2,96
2022-12-26,3,0
2022-12-27,0,39
2022-12-27,1,16
2022-12-27,2,94
2022-12-27,3,0
2022-12-28,0,64
2022-12-28,1,48
2022-12-28,2,228
2022-12-28,3,0
2022-12-29,0,32
2022-12-29,1,39
2022-12-29,2,100
2022-12-29,3,0
2022-12-30,0,8
2022-12-30,1,16
2022-12-30,2,69
2022-12-31,0,56
2022-12-31,1,114
2022-12-31,2,146
2023-01-01,0,80
2023-01-01,1,109
2023-01-01,2,134
2023-01-02,0,888
2023-01-02,1,202
2023-01-02,2,65
2023-01-03,0,20
2023-01-03,1,11
2023-01-03,2,48
2023-01-04,0,9
2023-01-04,1,19
2023-01-04,2,64
2023-01-05,0,2
2023-01-05,1,42
2023-01-05,2,73
2023-01-06,0,45
2023-01-06,1,49
2023-01-06,2,116
2023-01-07,0,131
2023-01-07,1,192
2023-01-07,2,116
2023-01-08,0,52
2023-01-08,1,109
2023-01-08,2,81
2023-01-09,0,1
2023-01-09,1,0
2023-01-09,2,5
2023-01-10,0,4
2023-01-10,1,0
2023-01-10,2,74
2023-01-11,0,4
2023-01-11,1,0
2023-01-11,2,47
2023-01-12,0,14
2023-01-12,1,2
2023-01-12,2,34
2023-01-13,0,8
2023-01-13,1,0
2023-01-13,2,28
2023-01-14,0,126
2023-01-14,1,69
2023-01-14,2,258
2023-01-15,0,73
2023-01-15,1,53
2023-01-15,2,65
2023-01-16,0,0
2023-01-16,1,267
2023-01-16,2,1
2023-01-17,0,4
2023-01-17,1,0
2023-01-17,2,6
2023-01-18,0,0
2023-01-18,1,106
2023-01-18,2,6
2023-01-19,0,10
2023-01-19,1,0
2023-01-19,2,14
2023-01-20,0,20
2023-01-20,1,0
2023-01-20,2,11
2023-01-21,0,76
2023-01-21,1,3
2023-01-21,2,337
2023-01-22,0,169
2023-01-22,1,0
2023-01-22,2,64
2023-01-23,0,0
2023-01-23,1,0
2023-01-23,2,4
2023-01-24,0,0
2023-01-24,1,0
2023-01-24,2,42
2023-01-25,0,0
2023-01-25,1,0
2023-01-25,2,33
2023-01-26,0,0
2023-01-26,1,0
2023-01-26,2,34
2023-01-27,0,0
2023-01-27,1,0
2023-01-27,2,41
2023-01-28,0,3
2023-01-28,1,0
2023-01-28,2,114
2023-01-29,0,5
2023-01-29,1,0
2023-01-29,2,101
2023-01-30,0,2
2023-01-30,1,2
2023-01-30,2,29
2023-01-31,0,4
2023-01-31,1,0
2023-01-31,2,50
2023-02-01,0,1
2023-02-01,1,0
2023-02-01,2,51
2023-02-02,0,5
2023-02-02,1,32
2023-02-02,2,44
2023-02-03,0,2
2023-02-03,1,1
2023-02-03,2,80
2023-02-04,0,110
2023-02-04,1,24
2023-02-04,2,352
2023-02-05,0,170
2023-02-05,1,48
2023-02-05,2,138
2023-02-06,0,11
2023-02-06,1,21
2023-02-06,2,57
2023-02-07,0,24
2023-02-07,1,2
2023-02-07,2,39
2023-02-08,0,125
2023-02-08,1,27
2023-02-08,2,212
2023-02-09,0,13
2023-02-09,1,29
2023-02-09,2,79
2023-02-10,0,9
2023-02-10,1,6
2023-02-10,2,107
2023-02-11,0,87
2023-02-11,1,34
2023-02-11,2,171
2023-02-12,0,137
2023-02-12,1,13
2023-02-12,2,244
2023-02-13,0,8
2023-02-13,1,3
2023-02-13,2,39
2023-02-14,0,22
2023-02-14,1,18
2023-02-14,2,50
2023-02-15,0,22
2023-02-15,1,0
2023-02-15,2,73
2023-02-16,0,13
2023-02-16,1,0
2023-02-16,2,58
2023-02-17,0,5
2023-02-17,1,3
2023-02-17,2,58
2023-02-18,0,16
2023-02-18,1,0
2023-02-18,2,304
2023-02-19,0,55
2023-02-19,1,9
2023-02-19,2,212
2023-02-20,0,0
2023-02-20,1,3
2023-02-20,2,99
2023-02-21,0,3
2023-02-21,1,0
2023-02-21,2,67
2023-02-22,0,3
2023-02-22,1,0
2023-02-22,2,65
2023-02-23,0,1
2023-02-23,1,1
2023-02-23,2,26
2023-02-24,0,6
2023-02-24,1,41
2023-02-24,2,50
2023-02-25,0,2
2023-02-25,1,63
2023-02-25,2,83
2023-02-26,0,21
2023-02-26,1,3
2023-02-26,2,2
2023-02-27,0,2
2023-02-27,1,8
2023-02-27,2,3
2023-02-28,0,6
2023-02-28,1,0
2023-02-28,2,2
2023-03-01,0,7
2023-03-01,1,96
2023-03-01,2,0
2023-03-02,0,0
2023-03-02,1,0
2023-03-02,2,94
2023-03-03,0,5
2023-03-03,1,2
2023-03-03,2,101
2023-03-04,0,52
2023-03-04,1,0
2023-03-04,2,387
2023-03-05,0,57
2023-03-05,1,0
2023-03-05,2,396
2023-03-06,0,0
2023-03-06,1,1
2023-03-06,2,18
2023-03-07,0,3
2023-03-07,1,7431
2023-03-07,2,71
2023-03-08,0,5
2023-03-08,1,1083
2023-03-08,2,36
2023-03-09,0,2
2023-03-09,1,69
2023-03-09,2,107
2023-03-10,0,4
2023-03-10,1,5
2023-03-10,2,103
2023-03-11,0,83
2023-03-11,1,0
2023-03-11,2,333
2023-03-12,0,143
2023-03-12,1,2
2023-03-12,2,551
2023-03-13,0,0
2023-03-13,1,24
2023-03-13,2,70
2023-03-14,0,2
2023-03-14,1,120
2023-03-14,2,26
2023-03-15,0,2
2023-03-15,1,0
2023-03-15,2,43
2023-03-16,0,14
2023-03-16,1,0
2023-03-16,2,136
2023-03-17,0,7
2023-03-17,1,2
2023-03-17,2,162
2023-03-18,0,157
2023-03-18,1,0
2023-03-18,2,197
2023-03-19,0,124
2023-03-19,1,9
2023-03-19,2,204
2023-03-20,0,0
2023-03-20,1,0
2023-03-20,2,35
2023-03-21,0,7
2023-03-21,1,0
2023-03-21,2,30
2023-03-22,0,68
2023-03-22,1,1
2023-03-22,2,73
2023-03-23,0,10
2023-03-23,1,4
2023-03-23,2,46
2023-03-27,0,2
2023-03-27,1,45
2023-03-27,2,38
2023-03-28,0,18
2023-03-28,1,2
2023-03-28,2,74
2023-03-29,0,55
2023-03-29,1,0
2023-03-29,2,76
2023-03-30,0,8
2023-03-30,1,1
2023-03-30,2,78
2023-03-31,0,1
2023-03-31,1,0
2023-03-31,2,70
2023-04-01,0,62
2023-04-01,1,3
2023-04-01,2,40
2023-04-02,0,55
2023-04-02,1,9
2023-04-02,2,45
2023-04-03,0,5
2023-04-03,1,4
2023-04-03,2,12
2023-04-04,0,5
2023-04-04,1,3
2023-04-04,2,6
2023-04-05,0,5
2023-04-05,1,0
2023-04-05,2,19
2023-04-06,0,12
2023-04-06,1,3
2023-04-06,2,15
2023-04-07,0,13
2023-04-07,1,11
2023-04-07,2,7
2023-04-08,0,9
2023-04-08,1,0
2023-04-08,2,28
2023-04-09,0,17
2023-04-09,1,482
2023-04-09,2,68
2023-04-10,0,160
2023-04-10,1,74
2023-04-10,2,81
2023-04-11,0,0
2023-04-11,1,6
2023-04-11,2,1
2023-04-12,0,17
2023-04-12,1,3
2023-04-12,2,2
2023-04-13,0,0
2023-04-13,1,34
2023-04-13,2,0
2023-04-14,0,1
2023-04-14,1,5
2023-04-14,2,1519
2023-04-15,0,10
2023-04-15,1,0
2023-04-15,2,156
2023-04-16,0,10
2023-04-16,1,0
2023-04-16,2,316
2023-04-17,0,4
2023-04-17,1,150
2023-04-17,2,95
2023-04-18,0,3
2023-04-18,1,0
2023-04-18,2,139
2023-04-19,0,36
2023-04-19,1,0
2023-04-19,2,90
2023-04-20,0,3
2023-04-20,1,0
2023-04-20,2,103
2023-04-21,0,15
2023-04-21,1,0
2023-04-21,2,86
2023-04-22,0,41
2023-04-22,1,2
2023-04-22,2,244
2023-04-23,0,108
2023-04-23,1,24
2023-04-23,2,248
2023-04-24,0,0
2023-04-24,1,292
2023-04-24,2,50
2023-04-25,0,1
2023-04-25,1,2
2023-04-25,2,77
2023-04-26,0,16
2023-04-26,1,5
2023-04-26,2,117
2023-04-27,0,118
2023-04-27,1,89
2023-04-27,2,179
2023-04-28,0,31
2023-04-28,1,60
2023-04-28,2,241
2023-04-29,0,103
2023-04-29,1,93
2023-04-29,2,561
2023-04-30,0,47
2023-04-30,1,214
2023-04-30,2,522
2023-05-01,0,153
2023-05-01,1,150
2023-05-01,2,363
2023-05-02,0,4
2023-05-02,1,0
2023-05-02,2,75
2023-05-03,0,0
2023-05-03,1,30
2023-05-03,2,262
2023-05-04,0,17
2023-05-04,1,27
2023-05-04,2,209
2023-05-05,0,17
2023-05-05,1,88
2023-05-05,2,157
2023-05-06,0,47
2023-05-06,1,82
2023-05-06,2,195
2023-05-07,0,57
2023-05-07,1,45
2023-05-07,2,111
2023-05-08,0,1
2023-05-08,1,3
2023-05-08,2,101
2023-05-09,0,7
2023-05-09,1,10
2023-05-09,2,73
2023-05-10,0,4
2023-05-10,1,10
2023-05-10,2,46
2023-05-11,0,2
2023-05-11,1,0
2023-05-11,2,36
2023-05-12,0,38
2023-05-12,1,3
2023-05-12,2,41
2023-05-13,0,23
2023-05-13,1,41
2023-05-13,2,76
2023-05-14,0,4
2023-05-14,1,8
2023-05-14,2,133
2023-05-15,0,9
2023-05-15,1,26
2023-05-15,2,27
2023-05-16,0,0
2023-05-16,1,0
2023-05-16,2,38
2023-05-17,0,5
2023-05-17,1,0
2023-05-17,2,94
2023-05-18,0,0
2023-05-18,1,18
2023-05-18,2,201
2023-05-19,0,8
2023-05-19,1,79
2023-05-19,2,262
2023-05-20,0,6
2023-05-20,1,114
2023-05-20,2,238
2023-05-21,0,72
2023-05-21,1,461
2023-05-21,2,266
2023-05-22,0,2
2023-05-22,1,31
2023-05-22,2,26
2023-05-23,0,21
2023-05-23,1,100
2023-05-23,2,48
2023-05-24,0,1
2023-05-24,1,3
2023-05-24,2,69
2023-05-25,0,1
2023-05-25,1,105
2023-05-25,2,128
2023-05-26,0,7
2023-05-26,1,98
2023-05-26,2,130
2023-05-27,0,106
2023-05-27,1,526
2023-05-27,2,95
2023-05-28,0,57
2023-05-28,1,609
2023-05-28,2,202
2023-05-29,0,3
2023-05-29,1,43
2023-05-29,2,94
2023-05-30,0,2
2023-05-30,1,399
2023-05-30,2,61
2023-05-31,0,2
2023-05-31,1,129
2023-05-31,2,56
2023-06-01,0,71
2023-06-01,1,45
2023-06-01,2,42
2023-06-02,0,14
2023-06-02,1,73
2023-06-02,2,173
2023-06-03,0,53
2023-06-03,1,407
2023-06-03,2,200
2023-06-04,0,151
2023-06-04,1,230
2023-06-04,2,201
2023-06-05,0,0
2023-06-05,1,4
2023-06-05,2,35
2023-06-06,0,4
2023-06-06,1,20
2023-06-06,2,42
2023-06-07,0,12
2023-06-07,1,45
2023-06-07,2,73
2023-06-07,3,64
2023-06-08,0,5
2023-06-08,1,172
2023-06-08,2,46
2023-06-08,3,2
2023-06-09,0,13
2023-06-09,1,168
2023-06-09,2,112
2023-06-10,0,144
2023-06-10,1,202
2023-06-10,2,138
2023-06-11,0,537
2023-06-11,1,63
2023-06-11,2,136
2023-06-12,0,99
2023-06-12,1,226
2023-06-12,2,65
2023-06-12,3,0
2023-06-13,0,41
2023-06-13,1,162
2023-06-13,2,41
2023-06-13,3,14
2023-06-14,0,29
2023-06-14,1,215
2023-06-14,2,24
2023-06-14,3,11
2023-06-15,0,133
2023-06-15,1,251
2023-06-15,2,29
2023-06-15,3,2
2023-06-16,0,302
2023-06-16,1,35
2023-06-16,2,65
2023-06-16,3,7
2023-06-17,0,150
2023-06-17,1,254
2023-06-17,2,36
2023-06-17,3,81
2023-06-18,0,628
2023-06-18,1,621
2023-06-18,2,64
2023-06-18,3,161
2023-06-19,0,1228
2023-06-19,1,75
2023-06-19,2,5
2023-06-19,3,11
2023-06-20,0,1622
2023-06-20,1,184
2023-06-20,2,17
2023-06-20,3,37
2023-06-21,0,542
2023-06-21,1,176
2023-06-21,2,10
2023-06-21,3,33
2023-06-22,0,1815
2023-06-22,1,370
2023-06-22,2,33
2023-06-22,3,57
2023-06-22,5,173
2023-06-23,0,3559
2023-06-23,1,102
2023-06-23,2,40
2023-06-23,3,9
2023-06-23,5,328
2023-06-24,0,345
2023-06-24,1,436
2023-06-24,2,44
2023-06-24,3,82
2023-06-24,5,1033
2023-06-25,0,209
2023-06-25,1,1113
2023-06-25,2,47
2023-06-25,3,222
2023-06-25,5,1251
2023-06-26,0,67
2023-06-26,1,217
2023-06-26,2,29
2023-06-26,3,36
2023-06-26,5,777
2023-06-27,0,853
2023-06-27,1,186
2023-06-27,2,40
2023-06-27,3,1
2023-06-27,5,296
2023-06-28,0,570
2023-06-28,1,275
2023-06-28,2,64
2023-06-28,3,7
2023-06-28,5,412
2023-06-29,0,60
2023-06-29,1,379
2023-06-29,2,37
2023-06-29,3,52
2023-06-29,5,917
2023-06-30,0,384
2023-06-30,1,355
2023-06-30,2,32
2023-06-30,3,89
2023-06-30,5,834
2023-07-01,0,644
2023-07-01,1,75
2023-07-01,2,100
2023-07-01,3,1
2023-07-01,5,219
2023-07-02,0,295
2023-07-02,1,773
2023-07-02,2,30
2023-07-02,3,110
2023-07-02,5,1347
2023-07-03,0,42
2023-07-03,1,12
2023-07-03,2,30
2023-07-03,3,0
2023-07-03,5,148
2023-07-04,0,19
2023-07-04,1,198
2023-07-04,2,14
2023-07-04,3,5
2023-07-04,5,909
2023-07-05,0,28
2023-07-05,1,259
2023-07-05,2,52
2023-07-05,3,26
2023-07-05,5,975
2023-07-06,0,25
2023-07-06,1,40
2023-07-06,2,21
2023-07-06,3,31
2023-07-06,5,653
2023-07-07,0,35
2023-07-07,1,218
2023-07-07,2,0
2023-07-07,3,14
2023-07-07,5,1458
2023-07-08,0,78
2023-07-08,1,1057
2023-07-08,2,0
2023-07-08,3,142
2023-07-08,5,1758
2023-07-09,0,185
2023-07-09,1,1269
2023-07-09,2,0
2023-07-09,3,75
2023-07-09,5,1675
2023-07-10,0,17
2023-07-10,1,320
2023-07-10,2,0
2023-07-10,3,11
2023-07-10,5,1049
2023-07-11,0,14
2023-07-11,1,301
2023-07-11,2,0
2023-07-11,3,21
2023-07-11,5,1183
2023-07-12,0,1904
2023-07-12,1,239
2023-07-12,2,0
2023-07-12,3,7
2023-07-12,5,1288
2023-07-13,0,169
2023-07-13,1,60
2023-07-13,2,0
2023-07-13,3,12
2023-07-13,5,255
2023-07-14,0,18
2023-07-14,1,260
2023-07-14,2,0
2023-07-14,3,21
2023-07-14,5,1345
2023-07-15,0,83
2023-07-15,1,1245
2023-07-15,2,0
2023-07-15,3,109
2023-07-15,5,1979
2023-07-16,0,216
2023-07-16,1,1533
2023-07-16,2,0
2023-07-16,3,58
2023-07-16,5,2971
2023-07-17,0,6
2023-07-17,1,276
2023-07-17,2,13
2023-07-17,3,35
2023-07-17,5,963
2023-07-18,0,96
2023-07-18,1,366
2023-07-18,2,14
2023-07-18,3,50
2023-07-18,5,1294
2023-07-19,0,32
2023-07-19,1,186
2023-07-19,2,14
2023-07-19,3,34
2023-07-19,5,948
2023-07-20,0,189
2023-07-20,1,112
2023-07-20,2,42
2023-07-20,3,24
2023-07-20,5,928
2023-07-21,0,186
2023-07-21,1,50
2023-07-21,2,44
2023-07-21,3,1
2023-07-21,5,313
2023-07-22,0,28
2023-07-22,1,214
2023-07-22,2,29
2023-07-22,3,8
2023-07-22,5,625
2023-07-23,0,192
2023-07-23,1,1127
2023-07-23,2,29
2023-07-23,3,154
2023-07-23,5,2276
2023-07-24,0,46
2023-07-24,1,432
2023-07-24,2,27
2023-07-24,3,29
2023-07-24,5,1609
2023-07-25,0,28
2023-07-25,1,5
2023-07-25,2,14
2023-07-25,3,0
2023-07-25,5,355
2023-07-26,0,13
2023-07-26,1,34
2023-07-26,2,61
2023-07-26,3,1
2023-07-26,5,969
2023-07-27,0,63
2023-07-27,1,268
2023-07-27,2,47
2023-07-27,3,71
2023-07-27,5,1731
2023-07-28,0,231
2023-07-28,1,277
2023-07-28,2,42
2023-07-28,3,90
2023-07-28,5,1717
2023-07-29,0,145
2023-07-29,1,456
2023-07-29,2,51
2023-07-29,3,249
2023-07-29,5,1548
2023-07-30,0,26
2023-07-30,1,99
2023-07-30,2,41
2023-07-30,3,11
2023-07-30,5,657
2023-07-31,0,29
2023-07-31,1,121
2023-07-31,2,38
2023-07-31,3,57
2023-07-31,5,1227
2023-08-01,0,43
2023-08-01,1,138
2023-08-01,2,57
2023-08-01,3,22
2023-08-01,5,593
2023-08-02,0,45
2023-08-02,1,362
2023-08-02,2,30
2023-08-02,3,61
2023-08-02,5,1709
2023-08-03,0,54
2023-08-03,1,116
2023-08-03,2,66
2023-08-03,3,2
2023-08-03,5,619
2023-08-04,0,18
2023-08-04,1,3
2023-08-04,2,48
2023-08-04,3,0
2023-08-04,5,99
2023-08-05,0,25
2023-08-05,1,3
2023-08-05,2,33
2023-08-05,3,5
2023-08-05,5,57
2023-08-06,0,26
2023-08-06,1,9
2023-08-06,2,22
2023-08-06,3,0
2023-08-06,5,429
2023-08-07,0,9
2023-08-07,1,68
2023-08-07,2,35
2023-08-07,3,9
2023-08-07,5,1075
2023-08-08,0,32
2023-08-08,1,214
2023-08-08,2,52
2023-08-08,3,34
2023-08-08,5,1599
2023-08-09,0,7
2023-08-09,1,111
2023-08-09,2,42
2023-08-09,3,5
2023-08-09,5,744
2023-08-10,0,19
2023-08-10,1,117
2023-08-10,2,46
2023-08-10,3,7
2023-08-10,5,984
2023-08-11,0,31
2023-08-11,1,230
2023-08-11,2,41
2023-08-11,3,37
2023-08-11,5,1639
2023-08-12,0,115
2023-08-12,1,630
2023-08-12,2,26
2023-08-12,3,47
2023-08-12,5,1698
2023-08-13,0,136
2023-08-13,1,1009
2023-08-13,2,53
2023-08-13,3,67
2023-08-13,5,1607
2023-08-14,0,67
2023-08-14,1,634
2023-08-14,2,16
2023-08-14,3,54
2023-08-14,5,1891
2023-08-15,0,346
2023-08-15,1,1328
2023-08-15,2,46
2023-08-15,3,111
2023-08-15,5,2011
2023-08-16,0,69
2023-08-16,1,76
2023-08-16,2,16
2023-08-16,3,28
2023-08-16,5,1053
2023-08-17,0,35
2023-08-17,1,103
2023-08-17,2,12
2023-08-17,3,11
2023-08-17,5,1328
2023-08-18,0,44
2023-08-18,1,80
2023-08-18,2,11
2023-08-18,3,13
2023-08-18,5,677
2023-08-19,0,76
2023-08-19,1,533
2023-08-19,2,35
2023-08-19,3,280
2023-08-19,5,1859
2023-08-20,0,167
2023-08-20,1,790
2023-08-20,2,7
2023-08-20,3,118
2023-08-20,5,1897
2023-08-21,0,17
2023-08-21,1,136
2023-08-21,2,30
2023-08-21,3,35
2023-08-21,5,1286
2023-08-22,0,32
2023-08-22,1,194
2023-08-22,2,28
2023-08-22,3,30
2023-08-22,5,1293
2023-08-23,0,26
2023-08-23,1,134
2023-08-23,2,7
2023-08-23,3,51
2023-08-23,5,905
2023-08-24,0,28
2023-08-24,1,211
2023-08-24,2,15
2023-08-24,3,45
2023-08-24,5,1372
2023-08-25,0,41
2023-08-25,1,324
2023-08-25,2,11
2023-08-25,3,19
2023-08-25,5,1197
2023-08-26,0,91
2023-08-26,1,950
2023-08-26,2,13
2023-08-26,3,77
2023-08-26,5,2285
2023-08-27,0,734
2023-08-27,1,1181
2023-08-27,2,26
2023-08-27,3,35
2023-08-27,5,2172
2023-08-28,0,13
2023-08-28,1,24
2023-08-28,2,18
2023-08-28,3,2
2023-08-28,5,767
2023-08-29,0,2
2023-08-29,1,3
2023-08-29,2,38
2023-08-29,3,0
2023-08-29,5,124
2023-08-30,0,0
2023-08-30,1,16
2023-08-30,2,13
2023-08-30,3,3
2023-08-30,5,196
2023-08-31,0,12
2023-08-31,1,109
2023-08-31,2,30
2023-08-31,3,16
2023-08-31,5,1003
2023-09-01,0,385
2023-09-01,1,91
2023-09-01,2,28
2023-09-01,3,12
2023-09-01,5,927
2023-09-02,0,140
2023-09-02,1,657
2023-09-02,2,14
2023-09-02,3,72
2023-09-02,5,1518
2023-09-03,0,256
2023-09-03,1,293
2023-09-03,2,36
2023-09-03,3,49
2023-09-03,5,1369
2023-09-04,0,19
2023-09-04,1,49
2023-09-04,2,2
2023-09-04,3,5
2023-09-04,5,672
2023-09-05,0,29
2023-09-05,1,46
2023-09-05,2,28
2023-09-05,3,37
2023-09-05,5,935
2023-09-06,0,15
2023-09-06,1,116
2023-09-06,2,9
2023-09-06,3,24
2023-09-06,5,766
2023-09-07,0,14
2023-09-07,1,234
2023-09-07,2,19
2023-09-07,3,37
2023-09-07,5,1026
2023-09-08,0,13
2023-09-08,1,78
2023-09-08,2,22
2023-09-08,3,47
2023-09-08,5,913
2023-09-09,0,169
2023-09-09,1,515
2023-09-09,2,30
2023-09-09,3,231
2023-09-09,5,1800
2023-09-10,0,292
2023-09-10,1,554
2023-09-10,2,25
2023-09-10,3,238
2023-09-10,5,1660
2023-09-11,0,19
2023-09-11,1,77
2023-09-11,2,10
2023-09-11,3,80
2023-09-11,5,962
2023-09-12,0,57
2023-09-12,1,101
2023-09-12,2,8
2023-09-12,3,44
2023-09-12,5,917
2023-09-13,0,289
2023-09-13,1,83
2023-09-13,2,30
2023-09-13,3,35
2023-09-13,5,714
2023-09-14,0,3
2023-09-14,1,7
2023-09-14,2,27
2023-09-14,3,5
2023-09-14,5,262
2023-09-15,0,10
2023-09-15,1,64
2023-09-15,2,32
2023-09-15,3,8
2023-09-15,5,419
2023-09-16,0,206
2023-09-16,1,460
2023-09-16,2,46
2023-09-16,3,179
2023-09-16,5,1554
2023-09-17,0,332
2023-09-17,1,671
2023-09-17,2,34
2023-09-17,3,240
2023-09-17,5,1603
2023-09-18,0,50
2023-09-18,1,88
2023-09-18,2,10
2023-09-18,3,10
2023-09-18,5,588
2023-09-19,0,17
2023-09-19,1,16
2023-09-19,2,22
2023-09-19,3,7
2023-09-19,5,389
2023-09-20,0,50
2023-09-20,1,54
2023-09-20,2,24
2023-09-20,3,50
2023-09-20,5,717
2023-09-21,0,19
2023-09-21,1,106
2023-09-21,2,30
2023-09-21,3,3
2023-09-21,5,310
2023-09-22,0,27
2023-09-22,1,39
2023-09-22,2,21
2023-09-22,3,1
2023-09-22,5,387
2023-09-23,0,0
2023-09-23,1,0
2023-09-23,2,68
2023-09-23,3,1
2023-09-23,5,151
2023-09-24,0,12
2023-09-24,1,11
2023-09-24,2,144
2023-09-24,3,23
2023-09-24,5,684
2023-09-25,0,0
2023-09-25,1,12
2023-09-25,2,30
2023-09-25,3,12
2023-09-25,5,505
2023-09-26,0,19
2023-09-26,1,42
2023-09-26,2,33
2023-09-26,3,28
2023-09-26,5,659
2023-09-27,0,17
2023-09-27,1,70
2023-09-27,2,33
2023-09-27,3,32
2023-09-27,5,591
2023-09-28,0,53
2023-09-28,1,56
2023-09-28,2,41
2023-09-28,3,29
2023-09-28,5,598
2023-09-29,0,38
2023-09-29,1,98
2023-09-29,2,30
2023-09-29,3,29
2023-09-29,5,659
2023-09-30,0,113
2023-09-30,1,380
2023-09-30,2,37
2023-09-30,3,43
2023-09-30,5,1089
2023-10-01,0,267
2023-10-01,1,420
2023-10-01,2,93
2023-10-01,3,84
2023-10-01,5,1885
2023-10-02,0,4
2023-10-02,1,22
2023-10-02,2,26
2023-10-02,3,29
2023-10-02,5,499
2023-10-03,0,230
2023-10-03,1,60
2023-10-03,2,24
2023-10-03,3,19
2023-10-03,5,543
2023-10-04,0,47
2023-10-04,1,0
2023-10-04,2,15
2023-10-04,3,0
2023-10-04,5,72
2023-10-05,0,17
2023-10-05,1,34
2023-10-05,2,47
2023-10-05,3,12
2023-10-05,5,335
2023-10-06,0,24
2023-10-06,1,37
2023-10-06,2,12
2023-10-06,3,25
2023-10-06,5,401
2023-10-07,0,172
2023-10-07,1,568
2023-10-07,2,88
2023-10-07,3,101
2023-10-07,5,1942
2023-10-08,0,276
2023-10-08,1,611
2023-10-08,2,99
2023-10-08,3,72
2023-10-08,5,1437
2023-10-09,0,28
2023-10-09,1,35
2023-10-09,2,12
2023-10-09,3,17
2023-10-09,5,297
2023-10-10,0,25
2023-10-10,1,14
2023-10-10,2,22
2023-10-10,3,1
2023-10-10,5,255
2023-10-11,0,25
2023-10-11,1,40
2023-10-11,2,26
2023-10-11,3,16
2023-10-11,5,687
2023-10-12,0,25
2023-10-12,1,35
2023-10-12,2,31
2023-10-12,3,32
2023-10-12,5,600
2023-10-13,0,749
2023-10-13,1,121
2023-10-13,2,28
2023-10-13,3,35
2023-10-13,5,622
2023-10-14,0,1466
2023-10-14,1,492
2023-10-14,2,104
2023-10-14,3,102
2023-10-14,5,1478
2023-10-15,0,9
2023-10-15,1,0
2023-10-15,2,9
2023-10-15,3,0
2023-10-15,5,3
2023-10-16,0,8
2023-10-16,1,4
2023-10-16,2,23
2023-10-16,3,1
2023-10-16,5,165
2023-10-17,0,15
2023-10-17,1,3
2023-10-17,2,45
2023-10-17,3,1
2023-10-17,5,141
2023-10-18,0,10
2023-10-18,1,11
2023-10-18,2,33
2023-10-18,3,0
2023-10-18,5,204
2023-10-19,0,24
2023-10-19,1,0
2023-10-19,2,4
2023-10-19,3,2
2023-10-19,5,97
2023-10-20,0,4083
2023-10-20,1,11
2023-10-20,2,6
2023-10-20,3,0
2023-10-20,5,2856
2023-10-21,0,19
2023-10-21,1,275
2023-10-21,2,94
2023-10-21,3,4
2023-10-21,5,436
2023-10-22,0,105
2023-10-22,1,605
2023-10-22,2,106
2023-10-22,3,37
2023-10-22,5,1020
2023-10-23,0,10
2023-10-23,1,324
2023-10-23,2,46
2023-10-23,3,2
2023-10-23,5,1002
2023-10-24,0,7
2023-10-24,1,575
2023-10-24,2,11
2023-10-24,3,0
2023-10-24,5,558
2023-10-25,0,3
2023-10-25,1,75
2023-10-25,2,14
2023-10-25,3,1
2023-10-25,5,362
2023-10-26,0,8
2023-10-26,1,218
2023-10-26,2,29
2023-10-26,3,0
2023-10-26,5,713
2023-10-27,0,1
2023-10-27,1,665
2023-10-27,2,6
2023-10-27,3,1
2023-10-27,5,128
2023-10-28,0,53
2023-10-28,1,78
2023-10-28,2,288
2023-10-28,3,4
2023-10-28,5,502
2023-10-29,0,138
2023-10-29,1,5561
2023-10-29,2,159
2023-10-29,3,18
2023-10-29,5,713
2023-10-30,0,22
2023-10-30,1,2259
2023-10-30,2,23
2023-10-30,3,1
2023-10-30,5,1865
2023-10-31,0,3
2023-10-31,1,536
2023-10-31,2,21
2023-10-31,3,0
2023-10-31,5,559
2023-11-01,0,84
2023-11-01,1,558
2023-11-01,2,169
2023-11-01,3,39
2023-11-01,5,728
2023-11-02,0,24
2023-11-02,1,2409
2023-11-02,2,36
2023-11-02,3,0
2023-11-02,5,2510
2023-11-03,0,4
2023-11-03,1,540
2023-11-03,2,26
2023-11-03,3,2
2023-11-03,5,100
2023-11-04,0,45
2023-11-04,1,2209
2023-11-04,2,259
2023-11-04,3,14
2023-11-04,5,7
2023-11-05,0,22
2023-11-05,1,223
2023-11-05,2,24
2023-11-05,3,0
2023-11-05,5,610
2023-11-06,0,5
2023-11-06,1,129
2023-11-06,2,18
2023-11-06,3,1
2023-11-06,5,103
2023-11-07,0,2
2023-11-07,1,17
2023-11-07,2,20
2023-11-07,3,3
2023-11-07,5,73
2023-11-08,0,14
2023-11-08,1,20
2023-11-08,2,21
2023-11-08,3,5
2023-11-08,5,104
2023-11-09,0,14
2023-11-09,1,1139
2023-11-09,2,39
2023-11-09,3,3
2023-11-09,5,139
2023-11-10,0,2
2023-11-10,1,6
2023-11-10,2,5
2023-11-10,3,25
2023-11-10,5,49
2023-11-11,0,43
2023-11-11,1,661
2023-11-11,2,315
2023-11-11,3,34
2023-11-11,5,10
2023-11-12,0,111
2023-11-12,1,623
2023-11-12,2,184
2023-11-12,3,16
2023-11-12,5,175
2023-11-13,0,0
2023-11-13,1,226
2023-11-13,2,12
2023-11-13,3,0
2023-11-13,5,17
2023-11-14,0,2
2023-11-14,1,5
2023-11-14,2,28
2023-11-14,3,4
2023-11-14,5,17
2023-11-15,0,18
2023-11-15,1,18
2023-11-15,2,30
2023-11-15,3,8
2023-11-15,5,80
2023-11-16,0,11
2023-11-16,1,446
2023-11-16,2,45
2023-11-16,3,0
2023-11-16,5,389
2023-11-17,0,7
2023-11-17,1,0
2023-11-17,2,110
2023-11-17,3,0
2023-11-17,5,50
2023-11-18,0,131
2023-11-18,1,202
2023-11-18,2,314
2023-11-18,3,49
2023-11-18,5,374
2023-11-19,0,120
2023-11-19,1,312
2023-11-19,2,279
2023-11-19,3,28
2023-11-19,5,378
2023-11-20,0,12
2023-11-20,1,35
2023-11-20,2,28
2023-11-20,3,0
2023-11-20,5,8
2023-11-21,0,0
2023-11-21,1,0
2023-11-21,2,5
2023-11-21,3,0
2023-11-21,5,2
2023-11-22,0,4
2023-11-22,1,15
2023-11-22,2,11
2023-11-22,3,0
2023-11-22,5,2
2023-11-23,0,12
2023-11-23,1,18
2023-11-23,2,51
2023-11-23,3,0
2023-11-23,5,13
2023-11-24,0,11
2023-11-24,1,98
2023-11-24,2,21
2023-11-24,3,0
2023-11-24,5,41
2023-11-25,0,39
2023-11-25,1,77
2023-11-25,2,203
2023-11-25,3,0
2023-11-25,5,75
2023-11-26,0,83
2023-11-26,1,105
2023-11-26,2,210
2023-11-26,3,0
2023-11-26,5,137
2023-11-27,0,4
2023-11-27,1,440
2023-11-27,2,3
2023-11-27,3,0
2023-11-27,5,16
2023-11-28,0,2
2023-11-28,1,672
2023-11-28,2,12
2023-11-28,3,0
2023-11-28,5,40
2023-11-29,0,9
2023-11-29,1,1034
2023-11-29,2,55
2023-11-29,3,0
2023-11-29,5,16
2023-11-30,0,1
2023-11-30,1,4598
2023-11-30,2,0
2023-11-30,3,0
2023-11-30,5,100
2023-12-01,0,1
2023-12-01,1,453
2023-12-01,2,2
2023-12-01,3,0
2023-12-01,5,810
2023-12-02,0,3
2023-12-02,1,250
2023-12-02,2,2
2023-12-02,3,0
2023-12-02,5,291
2023-12-03,0,65
2023-12-03,1,2
2023-12-03,2,0
2023-12-03,3,0
2023-12-03,5,3
2023-12-04,0,7
2023-12-04,1,8
2023-12-04,3,0
2023-12-04,5,250
2023-12-05,0,9
2023-12-05,1,1549
2023-12-05,3,0
2023-12-05,5,0
2023-12-06,0,3
2023-12-06,1,282
2023-12-06,3,0
2023-12-06,5,3
2023-12-07,0,12
2023-12-07,1,124
2023-12-07,3,0
2023-12-07,5,21
2023-12-08,0,3
2023-12-08,1,1
2023-12-08,3,0
2023-12-08,5,10
2023-12-09,0,24
2023-12-09,1,630
2023-12-09,3,0
2023-12-09,5,93
2023-12-10,0,75
2023-12-10,1,2391
2023-12-10,2,82
2023-12-10,3,0
2023-12-10,5,75
2023-12-11,0,2
2023-12-11,1,793
2023-12-11,2,4
2023-12-11,3,0
2023-12-11,5,15
2023-12-12,0,2
2023-12-12,1,184
2023-12-12,2,0
2023-12-12,3,0
2023-12-12,5,23
2023-12-13,0,0
2023-12-13,1,5
2023-12-13,2,0
2023-12-13,3,0
2023-12-13,5,28
2023-12-14,0,4
2023-12-14,1,0
2023-12-14,2,15
2023-12-14,3,0
2023-12-14,5,4
2023-12-15,0,8
2023-12-15,1,1
2023-12-15,2,50
2023-12-15,3,0
2023-12-15,5,1
2023-12-16,0,35
2023-12-16,1,0
2023-12-16,2,188
2023-12-16,3,0
2023-12-16,5,6
2023-12-17,0,71
2023-12-17,1,108
2023-12-17,2,244
2023-12-17,3,0
2023-12-17,5,37
2023-12-18,0,13
2023-12-18,1,0
2023-12-18,2,24
2023-12-18,3,0
2023-12-18,5,13
2023-12-19,0,5
2023-12-19,1,0
2023-12-19,2,27
2023-12-19,3,0
2023-12-19,5,26
2023-12-20,0,11
2023-12-20,1,0
2023-12-20,2,38
2023-12-20,3,0
2023-12-20,5,10
2023-12-21,0,0
2023-12-21,1,3
2023-12-21,2,30
2023-12-21,3,0
2023-12-21,5,26
2023-12-22,0,1
2023-12-22,1,9
2023-12-22,2,33
2023-12-22,3,0
2023-12-22,5,1
2023-12-23,0,55
2023-12-23,1,77
2023-12-23,2,110
2023-12-23,3,0
2023-12-23,5,64
2023-12-24,0,56
2023-12-24,1,0
2023-12-24,2,149
2023-12-24,3,0
2023-12-24,5,33
2023-12-25,0,10
2023-12-25,1,11
2023-12-25,2,64
2023-12-25,3,0
2023-12-25,5,54
2023-12-26,0,153
2023-12-26,1,8
2023-12-26,2,78
2023-12-26,5,83
2023-12-27,0,53
2023-12-27,1,8
2023-12-27,2,88
2023-12-27,5,7
2023-12-28,0,36
2023-12-28,1,2
2023-12-28,2,43
2023-12-28,5,0
2023-12-29,0,76
2023-12-29,1,9
2023-12-29,2,42
2023-12-29,5,25
2023-12-30,0,33
2023-12-30,1,15
2023-12-30,2,62
2023-12-30,5,34
2023-12-31,0,26
2023-12-31,1,1268
2023-12-31,2,10
2023-12-31,5,6
2024-01-01,0,28
2024-01-01,1,254
2024-01-01,2,68
2024-01-01,5,0
2024-01-02,0,375
2024-01-02,1,5039
2024-01-02,2,102
2024-01-02,5,0
2024-01-03,0,1
2024-01-03,1,3394
2024-01-03,2,7
2024-01-03,5,0
2024-01-04,0,22
2024-01-04,1,10
2024-01-04,2,59
2024-01-04,5,0
2024-01-05,0,7
2024-01-05,1,47
2024-01-05,2,35
2024-01-05,5,0
2024-01-06,0,1
2024-01-06,1,85
2024-01-06,2,0
2024-01-06,5,0
2024-01-07,0,11
2024-01-07,1,1
2024-01-07,2,24
2024-01-07,5,0
2024-01-08,0,2
2024-01-08,1,0
2024-01-08,2,0
2024-01-08,5,0
2024-01-09,0,7
2024-01-09,1,0
2024-01-09,2,7
2024-01-09,5,0
2024-01-10,0,2
2024-01-10,1,0
2024-01-10,2,14
2024-01-10,5,0
2024-01-11,0,3
2024-01-11,1,0
2024-01-11,2,11
2024-01-11,5,0
2024-01-12,0,3
2024-01-12,1,3
2024-01-12,2,22
2024-01-12,5,0
2024-01-13,0,7
2024-01-13,1,134
2024-01-13,2,168
2024-01-13,5,0
2024-01-14,0,8
2024-01-14,1,1
2024-01-14,2,42
2024-01-14,5,0
2024-01-15,0,0
2024-01-15,1,0
2024-01-15,2,25
2024-01-15,5,0
2024-01-16,0,14
2024-01-16,1,1
2024-01-16,2,44
2024-01-16,5,0
2024-01-17,0,0
2024-01-17,1,4707
2024-01-17,2,0
2024-01-17,5,0
2024-01-18,0,0
2024-01-18,1,1429
2024-01-18,2,0
2024-01-18,5,0
2024-01-19,0,0
2024-01-19,1,90
2024-01-19,2,0
2024-01-19,5,0
2024-01-20,0,9
2024-01-20,1,0
2024-01-20,2,70
2024-01-20,5,0
2024-01-21,0,25
2024-01-21,1,4
2024-01-21,2,242
2024-01-21,5,0
2024-01-22,0,0
2024-01-22,1,1
2024-01-22,2,10
2024-01-22,5,0
2024-01-23,0,1
2024-01-23,1,1
2024-01-23,2,0
2024-01-23,5,0
2024-01-24,0,0
2024-01-24,1,0
2024-01-24,2,7
2024-01-24,5,0
2024-01-25,0,2
2024-01-25,1,2
2024-01-25,5,0
2024-01-26,0,4
2024-01-26,1,0
2024-01-26,5,0
2024-01-27,0,4
2024-01-27,1,1
2024-01-27,5,0
2024-01-28,0,15
2024-01-28,1,0
2024-01-28,2,0
2024-01-28,5,0
2024-01-29,0,0
2024-01-29,1,0
2024-01-29,5,0
2024-01-30,0,6
2024-01-30,1,0
2024-01-30,5,0
2024-01-31,0,0
2024-01-31,1,1
2024-01-31,5,0
2024-02-01,0,0
2024-02-01,1,0
2024-02-01,5,0
2024-02-02,0,0
2024-02-02,1,0
2024-02-02,2,0
2024-02-02,5,0
2024-02-03,0,38
2024-02-03,1,12
2024-02-03,2,70
2024-02-03,5,0
2024-02-04,0,55
2024-02-04,1,6
2024-02-04,2,98
2024-02-04,5,0
2024-02-05,0,0
2024-02-05,1,1
2024-02-05,2,0
2024-02-05,5,0
2024-02-06,0,2
2024-02-06,1,2
2024-02-06,2,0
2024-02-06,5,0
2024-02-07,0,0
2024-02-07,1,0
2024-02-07,2,0
2024-02-07,5,0
2024-02-08,0,0
2024-02-08,1,43
2024-02-08,2,35
2024-02-08,5,0
2024-02-09,0,0
2024-02-09,1,2182
2024-02-09,2,0
2024-02-09,5,0
2024-02-10,0,0
2024-02-10,1,890
2024-02-10,5,0
2024-02-11,0,0
2024-02-11,1,0
2024-02-11,5,0
2024-02-12,0,0
2024-02-12,1,4
2024-02-12,5,0
2024-02-13,0,0
2024-02-13,1,0
2024-02-13,5,0
2024-02-14,0,0
2024-02-14,1,0
2024-02-14,5,0
2024-02-15,0,0
2024-02-15,1,6
2024-02-15,5,0
2024-02-16,0,0
2024-02-16,1,3
2024-02-16,5,0
2024-02-17,0,0
2024-02-17,1,5
2024-02-17,5,0
2024-02-18,0,0
2024-02-18,1,4
2024-02-18,5,0
2024-02-19,0,0
2024-02-19,1,0
2024-02-19,5,0
2024-02-20,0,0
2024-02-20,1,5
2024-02-20,5,0
2024-02-21,0,0
2024-02-21,1,0
2024-02-21,5,0
2024-02-22,0,0
2024-02-22,1,4107
2024-02-22,5,0
2024-02-23,0,0
2024-02-23,1,861
2024-02-23,5,0
2024-02-24,0,0
2024-02-24,1,65
2024-02-24,5,0
2024-02-25,0,0
2024-02-25,1,13
2024-02-25,5,0
2024-02-26,0,0
2024-02-26,1,6
2024-02-26,5,0
2024-02-27,0,0
2024-02-27,1,0
2024-02-27,5,0
2024-02-28,0,0
2024-02-28,1,6
2024-02-28,5,0
2024-02-29,0,0
2024-02-29,1,0
2024-02-29,5,0
2024-03-01,0,0
2024-03-01,1,0
2024-03-01,5,0
2024-03-02,0,0
2024-03-02,1,3
2024-03-02,5,0
2024-03-03,0,0
2024-03-03,1,114
2024-03-03,5,0
2024-03-04,0,0
2024-03-04,1,3
2024-03-04,5,0
2024-03-05,0,0
2024-03-05,1,0
2024-03-05,5,0
2024-03-06,0,0
2024-03-06,1,2
2024-03-06,5,0
2024-03-07,0,0
2024-03-07,1,0
2024-03-07,5,0
2024-03-08,0,0
2024-03-08,1,0
2024-03-08,5,0
2024-03-09,0,0
2024-03-09,1,1774
2024-03-09,5,0
2024-03-10,0,0
2024-03-10,1,49
2024-03-10,5,0
2024-03-11,0,0
2024-03-11,1,6
2024-03-11,5,0
2024-03-12,0,0
2024-03-12,1,11
2024-03-12,5,0
2024-03-13,0,0
2024-03-13,1,0
2024-03-13,5,0
2024-03-14,0,0
2024-03-14,1,0
2024-03-14,5,0
2024-03-15,0,0
2024-03-15,1,0
2024-03-15,5,0
2024-03-16,0,0
2024-03-16,1,0
2024-03-16,5,0
2024-03-17,0,0
2024-03-17,1,4
2024-03-17,2,31
2024-03-17,5,0
2024-03-18,0,0
2024-03-18,1,0
2024-03-18,2,19
2024-03-18,5,0
2024-03-19,0,0
2024-03-19,1,0
2024-03-19,2,0
2024-03-19,5,0
2024-03-20,0,0
2024-03-20,1,2
2024-03-20,2,0
2024-03-20,5,0
2024-03-21,0,0
2024-03-21,1,0
2024-03-21,2,0
2024-03-21,5,0
2024-03-22,0,0
2024-03-22,1,0
2024-03-22,2,0
2024-03-22,5,0
2024-03-23,0,0
2024-03-23,1,30
2024-03-23,2,0
2024-03-23,5,0
2024-03-24,0,0
2024-03-24,1,6
2024-03-24,2,0
2024-03-24,5,0
2024-03-25,0,0
2024-03-25,1,0
2024-03-25,2,0
2024-03-25,5,0
2024-03-26,0,0
2024-03-26,1,9
2024-03-26,2,0
2024-03-26,5,0
2024-03-27,0,0
2024-03-27,1,43
2024-03-27,2,0
2024-03-27,5,0
2024-03-28,0,0
2024-03-28,1,864
2024-03-28,2,0
2024-03-28,5,0
2024-03-29,0,0
2024-03-29,1,965
2024-03-29,2,0
2024-03-29,5,0
2024-03-30,0,0
2024-03-30,1,30
2024-03-30,2,0
2024-03-30,5,0
